variant,tipo,n,hit_1_count,hit_1_percent,hit_3_count,hit_3_percent,hit_5_count,hit_5_percent,hit_10_count,hit_10_percent,mrr_10
P0,Direct,53,45,84.90566037735849,48,90.56603773584905,50,94.33962264150944,52,98.11320754716981,0.8916891284815812
P1,Direct,53,45,84.90566037735849,48,90.56603773584905,50,94.33962264150944,52,98.11320754716981,0.8916891284815812
P2,Direct,53,38,71.69811320754717,42,79.24528301886792,42,79.24528301886792,47,88.67924528301887,0.7673480083857442
P3,Direct,53,42,79.24528301886792,49,92.45283018867924,49,92.45283018867924,50,94.33962264150944,0.8522012578616354
P4,Direct,53,36,67.9245283018868,41,77.35849056603773,48,90.56603773584905,49,92.45283018867924,0.7592991913746631
P0,Indirect,77,58,75.32467532467533,69,89.6103896103896,71,92.20779220779221,72,93.50649350649351,0.8225108225108224
P1,Indirect,77,58,75.32467532467533,69,89.6103896103896,71,92.20779220779221,72,93.50649350649351,0.8225108225108224
P2,Indirect,77,54,70.12987012987013,63,81.81818181818181,66,85.71428571428571,69,89.6103896103896,0.764517625231911
P3,Indirect,77,54,70.12987012987013,67,87.01298701298701,69,89.6103896103896,72,93.50649350649351,0.789661925376211
P4,Indirect,77,43,55.84415584415584,54,70.12987012987013,57,74.02597402597402,62,80.51948051948052,0.6438827045969904
