variant,dificuldade,n,hit_1_count,hit_1_percent,hit_3_count,hit_3_percent,hit_5_count,hit_5_percent,hit_10_count,hit_10_percent,mrr_10
P0,Easy,7,5,71.42857142857143,6,85.71428571428571,6,85.71428571428571,6,85.71428571428571,0.7857142857142857
P1,Easy,7,5,71.42857142857143,6,85.71428571428571,6,85.71428571428571,6,85.71428571428571,0.7857142857142857
P2,Easy,7,5,71.42857142857143,5,71.42857142857143,5,71.42857142857143,6,85.71428571428571,0.7321428571428571
P3,Easy,7,6,85.71428571428571,6,85.71428571428571,6,85.71428571428571,6,85.71428571428571,0.8571428571428571
P4,Easy,7,4,57.142857142857146,4,57.142857142857146,5,71.42857142857143,5,71.42857142857143,0.6071428571428571
P0,Hard,79,59,74.68354430379746,71,89.87341772151899,73,92.40506329113924,75,94.9367088607595,0.8224834237492467
P1,Hard,79,59,74.68354430379746,71,89.87341772151899,73,92.40506329113924,75,94.9367088607595,0.8224834237492467
P2,Hard,79,55,69.62025316455696,63,79.74683544303798,66,83.54430379746836,72,91.13924050632912,0.7562738597548725
P3,Hard,79,52,65.82278481012658,69,87.34177215189874,71,89.87341772151899,74,93.67088607594937,0.7654510749447458
P4,Hard,79,43,54.43037974683544,55,69.62025316455696,58,73.41772151898734,63,79.74683544303798,0.6332780791641551
P0,Medium-High,16,15,93.75,16,100.0,16,100.0,16,100.0,0.96875
P1,Medium-High,16,15,93.75,16,100.0,16,100.0,16,100.0,0.96875
P2,Medium-High,16,14,87.5,15,93.75,15,93.75,15,93.75,0.90625
P3,Medium-High,16,15,93.75,16,100.0,16,100.0,16,100.0,0.96875
P4,Medium-High,16,14,87.5,15,93.75,16,100.0,16,100.0,0.921875
P0,Medium-Low,28,24,85.71428571428571,24,85.71428571428571,26,92.85714285714286,27,96.42857142857143,0.8791666666666667
P1,Medium-Low,28,24,85.71428571428571,24,85.71428571428571,26,92.85714285714286,27,96.42857142857143,0.8791666666666667
P2,Medium-Low,28,18,64.28571428571429,22,78.57142857142857,22,78.57142857142857,23,82.14285714285714,0.7202380952380952
P3,Medium-Low,28,23,82.14285714285714,25,89.28571428571429,25,89.28571428571429,26,92.85714285714286,0.8571428571428571
P4,Medium-Low,28,18,64.28571428571429,21,75.0,26,92.85714285714286,27,96.42857142857143,0.7426020408163264
