id_questao,P0,P1,P2,P3,P4
9,,,,,
11,,,,,
15,1.0,1.0,1.0,1.0,1.0
27,1.0,1.0,2.0,1.0,1.0
34,1.0,1.0,1.0,1.0,1.0
35,1.0,1.0,2.0,2.0,1.0
36,1.0,1.0,1.0,1.0,1.0
53,1.0,1.0,1.0,1.0,1.0
58,1.0,1.0,,1.0,4.0
59,1.0,1.0,1.0,1.0,1.0
63,7.0,7.0,9.0,,
65,6.0,6.0,,3.0,2.0
67,1.0,1.0,1.0,1.0,1.0
72,1.0,1.0,1.0,1.0,4.0
77,1.0,1.0,1.0,1.0,
83,6.0,6.0,,3.0,2.0
90,1.0,1.0,1.0,1.0,1.0
96,1.0,1.0,1.0,2.0,1.0
97,1.0,1.0,1.0,1.0,1.0
98,1.0,1.0,1.0,1.0,1.0
99,,,,,
100,,,,,
102,,,,,
104,2.0,2.0,3.0,2.0,
105,1.0,1.0,,1.0,4.0
106,1.0,1.0,1.0,1.0,1.0
110,1.0,1.0,1.0,1.0,1.0
116,1.0,1.0,2.0,1.0,1.0
117,1.0,1.0,1.0,1.0,2.0
124,,,3.0,,
125,1.0,1.0,6.0,1.0,1.0
126,2.0,2.0,1.0,1.0,4.0
