id_canonico;quantidade_perguntas
annex_01;3
annex_02;3
chapter_01;2
chapter_02;4
chapter_03;2
chapter_04;2
chapter_05;2
chapter_06;3
chapter_07;2
chapter_08;5
chapter_09;5
chapter_10;5
chapter_11;5
chapter_12;5
chapter_13;5
chapter_14;2
chapter_15;5
chapter_16;5
chapter_17;3
chapter_18;2
chapter_19;2
chapter_20;2
chapter_21;4
chapter_22;2
chapter_23;2
chapter_24;4
chapter_25;3
chapter_26;4
chapter_27;4
chapter_28;4
chapter_29;2
chapter_30;4
chapter_31;4
chapter_32;3
chapter_33;3
chapter_34;4
cross_chapter_1;4
cross_chapter_2;5
TOTAL;130
