variant,id_questao,target_canonical,p0_first_rank,variant_first_rank,rank_change,delta_hit_1,delta_hit_3,delta_hit_5,delta_hit_10,delta_rr_10
P1,1,chapter_06,1,1,same_rank,0,0,0,0,0.0
P1,2,chapter_34,1,1,same_rank,0,0,0,0,0.0
P1,3,chapter_33,1,1,same_rank,0,0,0,0,0.0
P1,4,chapter_28,1,1,same_rank,0,0,0,0,0.0
P1,5,chapter_19,1,1,same_rank,0,0,0,0,0.0
P1,6,chapter_32,1,1,same_rank,0,0,0,0,0.0
P1,7,chapter_34,1,1,same_rank,0,0,0,0,0.0
P1,8,chapter_11,1,1,same_rank,0,0,0,0,0.0
P1,9,chapter_17,,,unchanged_miss,0,0,0,0,0.0
P1,10,chapter_06,2,2,same_rank,0,0,0,0,0.0
P1,11,chapter_17,,,unchanged_miss,0,0,0,0,0.0
P1,12,chapter_28,1,1,same_rank,0,0,0,0,0.0
P1,13,chapter_33,1,1,same_rank,0,0,0,0,0.0
P1,14,chapter_10,3,3,same_rank,0,0,0,0,0.0
P1,15,chapter_12,1,1,same_rank,0,0,0,0,0.0
P1,16,chapter_01,1,1,same_rank,0,0,0,0,0.0
P1,17,chapter_14,1,1,same_rank,0,0,0,0,0.0
P1,18,chapter_22,2,2,same_rank,0,0,0,0,0.0
P1,19,chapter_32,1,1,same_rank,0,0,0,0,0.0
P1,20,chapter_12,1,1,same_rank,0,0,0,0,0.0
P1,21,chapter_05,1,1,same_rank,0,0,0,0,0.0
P1,22,cross_chapter_2,2,2,same_rank,0,0,0,0,0.0
P1,23,chapter_29,2,2,same_rank,0,0,0,0,0.0
P1,24,chapter_34,1,1,same_rank,0,0,0,0,0.0
P1,25,chapter_12,1,1,same_rank,0,0,0,0,0.0
P1,26,chapter_28,1,1,same_rank,0,0,0,0,0.0
P1,27,chapter_25,1,1,same_rank,0,0,0,0,0.0
P1,28,chapter_17,1,1,same_rank,0,0,0,0,0.0
P1,29,chapter_01,1,1,same_rank,0,0,0,0,0.0
P1,30,chapter_25,1,1,same_rank,0,0,0,0,0.0
P1,31,chapter_22,1,1,same_rank,0,0,0,0,0.0
P1,32,chapter_06,1,1,same_rank,0,0,0,0,0.0
P1,33,chapter_14,1,1,same_rank,0,0,0,0,0.0
P1,34,chapter_15,1,1,same_rank,0,0,0,0,0.0
P1,35,chapter_07,1,1,same_rank,0,0,0,0,0.0
P1,36,chapter_32,1,1,same_rank,0,0,0,0,0.0
P1,37,chapter_19,1,1,same_rank,0,0,0,0,0.0
P1,38,chapter_08,1,1,same_rank,0,0,0,0,0.0
P1,39,chapter_09,1,1,same_rank,0,0,0,0,0.0
P1,40,chapter_23,1,1,same_rank,0,0,0,0,0.0
P1,41,chapter_20,1,1,same_rank,0,0,0,0,0.0
P1,42,chapter_04,1,1,same_rank,0,0,0,0,0.0
P1,43,chapter_05,1,1,same_rank,0,0,0,0,0.0
P1,44,chapter_25,1,1,same_rank,0,0,0,0,0.0
P1,45,chapter_03,1,1,same_rank,0,0,0,0,0.0
P1,46,chapter_18,1,1,same_rank,0,0,0,0,0.0
P1,47,chapter_13,1,1,same_rank,0,0,0,0,0.0
P1,48,chapter_29,1,1,same_rank,0,0,0,0,0.0
P1,49,chapter_07,1,1,same_rank,0,0,0,0,0.0
P1,50,chapter_33,1,1,same_rank,0,0,0,0,0.0
P1,51,chapter_23,1,1,same_rank,0,0,0,0,0.0
P1,52,chapter_20,1,1,same_rank,0,0,0,0,0.0
P1,53,chapter_28,1,1,same_rank,0,0,0,0,0.0
P1,54,chapter_12,1,1,same_rank,0,0,0,0,0.0
P1,55,chapter_18,1,1,same_rank,0,0,0,0,0.0
P1,56,chapter_03,1,1,same_rank,0,0,0,0,0.0
P1,57,chapter_16,1,1,same_rank,0,0,0,0,0.0
P1,58,chapter_04,1,1,same_rank,0,0,0,0,0.0
P1,59,chapter_12,1,1,same_rank,0,0,0,0,0.0
P1,60,chapter_34,1,1,same_rank,0,0,0,0,0.0
P1,61,chapter_02,2,2,same_rank,0,0,0,0,0.0
P1,62,chapter_02,1,1,same_rank,0,0,0,0,0.0
P1,63,chapter_02,7,7,same_rank,0,0,0,0,0.0
P1,64,chapter_02,1,1,same_rank,0,0,0,0,0.0
P1,65,cross_chapter_1,6,6,same_rank,0,0,0,0,0.0
P1,66,cross_chapter_1,3,3,same_rank,0,0,0,0,0.0
P1,67,cross_chapter_1,1,1,same_rank,0,0,0,0,0.0
P1,68,cross_chapter_1,3,3,same_rank,0,0,0,0,0.0
P1,69,chapter_21,1,1,same_rank,0,0,0,0,0.0
P1,70,chapter_21,1,1,same_rank,0,0,0,0,0.0
P1,71,chapter_21,1,1,same_rank,0,0,0,0,0.0
P1,72,chapter_21,1,1,same_rank,0,0,0,0,0.0
P1,73,chapter_24,1,1,same_rank,0,0,0,0,0.0
P1,74,chapter_24,3,3,same_rank,0,0,0,0,0.0
P1,75,chapter_24,3,3,same_rank,0,0,0,0,0.0
P1,76,chapter_24,1,1,same_rank,0,0,0,0,0.0
P1,77,chapter_26,1,1,same_rank,0,0,0,0,0.0
P1,78,chapter_26,1,1,same_rank,0,0,0,0,0.0
P1,79,chapter_26,1,1,same_rank,0,0,0,0,0.0
P1,80,chapter_26,5,5,same_rank,0,0,0,0,0.0
P1,81,chapter_27,1,1,same_rank,0,0,0,0,0.0
P1,82,chapter_27,2,2,same_rank,0,0,0,0,0.0
P1,83,chapter_27,6,6,same_rank,0,0,0,0,0.0
P1,84,chapter_27,1,1,same_rank,0,0,0,0,0.0
P1,85,chapter_30,1,1,same_rank,0,0,0,0,0.0
P1,86,chapter_30,1,1,same_rank,0,0,0,0,0.0
P1,87,chapter_30,1,1,same_rank,0,0,0,0,0.0
P1,88,chapter_30,1,1,same_rank,0,0,0,0,0.0
P1,89,chapter_31,1,1,same_rank,0,0,0,0,0.0
P1,90,chapter_31,1,1,same_rank,0,0,0,0,0.0
P1,91,chapter_31,4,4,same_rank,0,0,0,0,0.0
P1,92,chapter_31,1,1,same_rank,0,0,0,0,0.0
P1,93,annex_01,1,1,same_rank,0,0,0,0,0.0
P1,94,annex_01,1,1,same_rank,0,0,0,0,0.0
P1,95,annex_01,1,1,same_rank,0,0,0,0,0.0
P1,96,annex_02,1,1,same_rank,0,0,0,0,0.0
P1,97,annex_02,1,1,same_rank,0,0,0,0,0.0
P1,98,annex_02,1,1,same_rank,0,0,0,0,0.0
P1,99,cross_chapter_2,,,unchanged_miss,0,0,0,0,0.0
P1,100,cross_chapter_2,,,unchanged_miss,0,0,0,0,0.0
P1,101,cross_chapter_2,4,4,same_rank,0,0,0,0,0.0
P1,102,cross_chapter_2,,,unchanged_miss,0,0,0,0,0.0
P1,103,chapter_08,1,1,same_rank,0,0,0,0,0.0
P1,104,chapter_08,2,2,same_rank,0,0,0,0,0.0
P1,105,chapter_08,1,1,same_rank,0,0,0,0,0.0
P1,106,chapter_08,1,1,same_rank,0,0,0,0,0.0
P1,107,chapter_09,2,2,same_rank,0,0,0,0,0.0
P1,108,chapter_09,1,1,same_rank,0,0,0,0,0.0
P1,109,chapter_09,1,1,same_rank,0,0,0,0,0.0
P1,110,chapter_09,1,1,same_rank,0,0,0,0,0.0
P1,111,chapter_10,1,1,same_rank,0,0,0,0,0.0
P1,112,chapter_10,1,1,same_rank,0,0,0,0,0.0
P1,113,chapter_10,1,1,same_rank,0,0,0,0,0.0
P1,114,chapter_10,1,1,same_rank,0,0,0,0,0.0
P1,115,chapter_11,1,1,same_rank,0,0,0,0,0.0
P1,116,chapter_11,1,1,same_rank,0,0,0,0,0.0
P1,117,chapter_11,1,1,same_rank,0,0,0,0,0.0
P1,118,chapter_11,1,1,same_rank,0,0,0,0,0.0
P1,119,chapter_13,1,1,same_rank,0,0,0,0,0.0
P1,120,chapter_13,1,1,same_rank,0,0,0,0,0.0
P1,121,chapter_13,4,4,same_rank,0,0,0,0,0.0
P1,122,chapter_13,1,1,same_rank,0,0,0,0,0.0
P1,123,chapter_15,1,1,same_rank,0,0,0,0,0.0
P1,124,chapter_15,,,unchanged_miss,0,0,0,0,0.0
P1,125,chapter_15,1,1,same_rank,0,0,0,0,0.0
P1,126,chapter_15,2,2,same_rank,0,0,0,0,0.0
P1,127,chapter_16,1,1,same_rank,0,0,0,0,0.0
P1,128,chapter_16,1,1,same_rank,0,0,0,0,0.0
P1,129,chapter_16,1,1,same_rank,0,0,0,0,0.0
P1,130,chapter_16,1,1,same_rank,0,0,0,0,0.0
P2,1,chapter_06,1,1,same_rank,0,0,0,0,0.0
P2,2,chapter_34,1,1,same_rank,0,0,0,0,0.0
P2,3,chapter_33,1,2,worsened,-1,0,0,0,-0.5
P2,4,chapter_28,1,1,same_rank,0,0,0,0,0.0
P2,5,chapter_19,1,1,same_rank,0,0,0,0,0.0
P2,6,chapter_32,1,1,same_rank,0,0,0,0,0.0
P2,7,chapter_34,1,1,same_rank,0,0,0,0,0.0
P2,8,chapter_11,1,1,same_rank,0,0,0,0,0.0
P2,9,chapter_17,,,unchanged_miss,0,0,0,0,0.0
P2,10,chapter_06,2,2,same_rank,0,0,0,0,0.0
P2,11,chapter_17,,,unchanged_miss,0,0,0,0,0.0
P2,12,chapter_28,1,1,same_rank,0,0,0,0,0.0
P2,13,chapter_33,1,1,same_rank,0,0,0,0,0.0
P2,14,chapter_10,3,,lost_hit,0,-1,-1,-1,-0.3333333333333333
P2,15,chapter_12,1,1,same_rank,0,0,0,0,0.0
P2,16,chapter_01,1,1,same_rank,0,0,0,0,0.0
P2,17,chapter_14,1,1,same_rank,0,0,0,0,0.0
P2,18,chapter_22,2,8,worsened,0,-1,-1,0,-0.375
P2,19,chapter_32,1,1,same_rank,0,0,0,0,0.0
P2,20,chapter_12,1,1,same_rank,0,0,0,0,0.0
P2,21,chapter_05,1,1,same_rank,0,0,0,0,0.0
P2,22,cross_chapter_2,2,7,worsened,0,-1,-1,0,-0.35714285714285715
P2,23,chapter_29,2,1,improved,1,0,0,0,0.5
P2,24,chapter_34,1,1,same_rank,0,0,0,0,0.0
P2,25,chapter_12,1,1,same_rank,0,0,0,0,0.0
P2,26,chapter_28,1,1,same_rank,0,0,0,0,0.0
P2,27,chapter_25,1,2,worsened,-1,0,0,0,-0.5
P2,28,chapter_17,1,8,worsened,-1,-1,-1,0,-0.875
P2,29,chapter_01,1,1,same_rank,0,0,0,0,0.0
P2,30,chapter_25,1,1,same_rank,0,0,0,0,0.0
P2,31,chapter_22,1,6,worsened,-1,-1,-1,0,-0.8333333333333334
P2,32,chapter_06,1,1,same_rank,0,0,0,0,0.0
P2,33,chapter_14,1,1,same_rank,0,0,0,0,0.0
P2,34,chapter_15,1,1,same_rank,0,0,0,0,0.0
P2,35,chapter_07,1,2,worsened,-1,0,0,0,-0.5
P2,36,chapter_32,1,1,same_rank,0,0,0,0,0.0
P2,37,chapter_19,1,1,same_rank,0,0,0,0,0.0
P2,38,chapter_08,1,,lost_hit,-1,-1,-1,-1,-1.0
P2,39,chapter_09,1,1,same_rank,0,0,0,0,0.0
P2,40,chapter_23,1,1,same_rank,0,0,0,0,0.0
P2,41,chapter_20,1,1,same_rank,0,0,0,0,0.0
P2,42,chapter_04,1,1,same_rank,0,0,0,0,0.0
P2,43,chapter_05,1,1,same_rank,0,0,0,0,0.0
P2,44,chapter_25,1,1,same_rank,0,0,0,0,0.0
P2,45,chapter_03,1,1,same_rank,0,0,0,0,0.0
P2,46,chapter_18,1,1,same_rank,0,0,0,0,0.0
P2,47,chapter_13,1,1,same_rank,0,0,0,0,0.0
P2,48,chapter_29,1,1,same_rank,0,0,0,0,0.0
P2,49,chapter_07,1,1,same_rank,0,0,0,0,0.0
P2,50,chapter_33,1,2,worsened,-1,0,0,0,-0.5
P2,51,chapter_23,1,1,same_rank,0,0,0,0,0.0
P2,52,chapter_20,1,1,same_rank,0,0,0,0,0.0
P2,53,chapter_28,1,1,same_rank,0,0,0,0,0.0
P2,54,chapter_12,1,1,same_rank,0,0,0,0,0.0
P2,55,chapter_18,1,1,same_rank,0,0,0,0,0.0
P2,56,chapter_03,1,1,same_rank,0,0,0,0,0.0
P2,57,chapter_16,1,1,same_rank,0,0,0,0,0.0
P2,58,chapter_04,1,,lost_hit,-1,-1,-1,-1,-1.0
P2,59,chapter_12,1,1,same_rank,0,0,0,0,0.0
P2,60,chapter_34,1,1,same_rank,0,0,0,0,0.0
P2,61,chapter_02,2,1,improved,1,0,0,0,0.5
P2,62,chapter_02,1,1,same_rank,0,0,0,0,0.0
P2,63,chapter_02,7,9,worsened,0,0,0,0,-0.031746031746031744
P2,64,chapter_02,1,1,same_rank,0,0,0,0,0.0
P2,65,cross_chapter_1,6,,lost_hit,0,0,0,-1,-0.16666666666666666
P2,66,cross_chapter_1,3,5,worsened,0,-1,0,0,-0.1333333333333333
P2,67,cross_chapter_1,1,1,same_rank,0,0,0,0,0.0
P2,68,cross_chapter_1,3,5,worsened,0,-1,0,0,-0.1333333333333333
P2,69,chapter_21,1,1,same_rank,0,0,0,0,0.0
P2,70,chapter_21,1,1,same_rank,0,0,0,0,0.0
P2,71,chapter_21,1,1,same_rank,0,0,0,0,0.0
P2,72,chapter_21,1,1,same_rank,0,0,0,0,0.0
P2,73,chapter_24,1,1,same_rank,0,0,0,0,0.0
P2,74,chapter_24,3,1,improved,1,0,0,0,0.6666666666666667
P2,75,chapter_24,3,6,worsened,0,-1,-1,0,-0.16666666666666666
P2,76,chapter_24,1,1,same_rank,0,0,0,0,0.0
P2,77,chapter_26,1,1,same_rank,0,0,0,0,0.0
P2,78,chapter_26,1,2,worsened,-1,0,0,0,-0.5
P2,79,chapter_26,1,1,same_rank,0,0,0,0,0.0
P2,80,chapter_26,5,1,improved,1,1,0,0,0.8
P2,81,chapter_27,1,1,same_rank,0,0,0,0,0.0
P2,82,chapter_27,2,,lost_hit,0,-1,-1,-1,-0.5
P2,83,chapter_27,6,,lost_hit,0,0,0,-1,-0.16666666666666666
P2,84,chapter_27,1,1,same_rank,0,0,0,0,0.0
P2,85,chapter_30,1,1,same_rank,0,0,0,0,0.0
P2,86,chapter_30,1,1,same_rank,0,0,0,0,0.0
P2,87,chapter_30,1,1,same_rank,0,0,0,0,0.0
P2,88,chapter_30,1,1,same_rank,0,0,0,0,0.0
P2,89,chapter_31,1,1,same_rank,0,0,0,0,0.0
P2,90,chapter_31,1,1,same_rank,0,0,0,0,0.0
P2,91,chapter_31,4,5,worsened,0,0,0,0,-0.04999999999999999
P2,92,chapter_31,1,1,same_rank,0,0,0,0,0.0
P2,93,annex_01,1,1,same_rank,0,0,0,0,0.0
P2,94,annex_01,1,1,same_rank,0,0,0,0,0.0
P2,95,annex_01,1,1,same_rank,0,0,0,0,0.0
P2,96,annex_02,1,1,same_rank,0,0,0,0,0.0
P2,97,annex_02,1,1,same_rank,0,0,0,0,0.0
P2,98,annex_02,1,1,same_rank,0,0,0,0,0.0
P2,99,cross_chapter_2,,,unchanged_miss,0,0,0,0,0.0
P2,100,cross_chapter_2,,,unchanged_miss,0,0,0,0,0.0
P2,101,cross_chapter_2,4,,lost_hit,0,0,-1,-1,-0.25
P2,102,cross_chapter_2,,,unchanged_miss,0,0,0,0,0.0
P2,103,chapter_08,1,3,worsened,-1,0,0,0,-0.6666666666666667
P2,104,chapter_08,2,3,worsened,0,0,0,0,-0.16666666666666669
P2,105,chapter_08,1,,lost_hit,-1,-1,-1,-1,-1.0
P2,106,chapter_08,1,1,same_rank,0,0,0,0,0.0
P2,107,chapter_09,2,10,worsened,0,-1,-1,0,-0.4
P2,108,chapter_09,1,1,same_rank,0,0,0,0,0.0
P2,109,chapter_09,1,1,same_rank,0,0,0,0,0.0
P2,110,chapter_09,1,1,same_rank,0,0,0,0,0.0
P2,111,chapter_10,1,2,worsened,-1,0,0,0,-0.5
P2,112,chapter_10,1,1,same_rank,0,0,0,0,0.0
P2,113,chapter_10,1,1,same_rank,0,0,0,0,0.0
P2,114,chapter_10,1,1,same_rank,0,0,0,0,0.0
P2,115,chapter_11,1,1,same_rank,0,0,0,0,0.0
P2,116,chapter_11,1,2,worsened,-1,0,0,0,-0.5
P2,117,chapter_11,1,1,same_rank,0,0,0,0,0.0
P2,118,chapter_11,1,1,same_rank,0,0,0,0,0.0
P2,119,chapter_13,1,1,same_rank,0,0,0,0,0.0
P2,120,chapter_13,1,1,same_rank,0,0,0,0,0.0
P2,121,chapter_13,4,,lost_hit,0,0,-1,-1,-0.25
P2,122,chapter_13,1,1,same_rank,0,0,0,0,0.0
P2,123,chapter_15,1,1,same_rank,0,0,0,0,0.0
P2,124,chapter_15,,3,new_hit,0,1,1,1,0.3333333333333333
P2,125,chapter_15,1,6,worsened,-1,-1,-1,0,-0.8333333333333334
P2,126,chapter_15,2,1,improved,1,0,0,0,0.5
P2,127,chapter_16,1,1,same_rank,0,0,0,0,0.0
P2,128,chapter_16,1,3,worsened,-1,0,0,0,-0.6666666666666667
P2,129,chapter_16,1,1,same_rank,0,0,0,0,0.0
P2,130,chapter_16,1,2,worsened,-1,0,0,0,-0.5
P3,1,chapter_06,1,1,same_rank,0,0,0,0,0.0
P3,2,chapter_34,1,2,worsened,-1,0,0,0,-0.5
P3,3,chapter_33,1,1,same_rank,0,0,0,0,0.0
P3,4,chapter_28,1,1,same_rank,0,0,0,0,0.0
P3,5,chapter_19,1,1,same_rank,0,0,0,0,0.0
P3,6,chapter_32,1,1,same_rank,0,0,0,0,0.0
P3,7,chapter_34,1,1,same_rank,0,0,0,0,0.0
P3,8,chapter_11,1,1,same_rank,0,0,0,0,0.0
P3,9,chapter_17,,,unchanged_miss,0,0,0,0,0.0
P3,10,chapter_06,2,2,same_rank,0,0,0,0,0.0
P3,11,chapter_17,,,unchanged_miss,0,0,0,0,0.0
P3,12,chapter_28,1,1,same_rank,0,0,0,0,0.0
P3,13,chapter_33,1,1,same_rank,0,0,0,0,0.0
P3,14,chapter_10,3,9,worsened,0,-1,-1,0,-0.2222222222222222
P3,15,chapter_12,1,1,same_rank,0,0,0,0,0.0
P3,16,chapter_01,1,1,same_rank,0,0,0,0,0.0
P3,17,chapter_14,1,1,same_rank,0,0,0,0,0.0
P3,18,chapter_22,2,2,same_rank,0,0,0,0,0.0
P3,19,chapter_32,1,1,same_rank,0,0,0,0,0.0
P3,20,chapter_12,1,1,same_rank,0,0,0,0,0.0
P3,21,chapter_05,1,1,same_rank,0,0,0,0,0.0
P3,22,cross_chapter_2,2,2,same_rank,0,0,0,0,0.0
P3,23,chapter_29,2,2,same_rank,0,0,0,0,0.0
P3,24,chapter_34,1,1,same_rank,0,0,0,0,0.0
P3,25,chapter_12,1,1,same_rank,0,0,0,0,0.0
P3,26,chapter_28,1,1,same_rank,0,0,0,0,0.0
P3,27,chapter_25,1,1,same_rank,0,0,0,0,0.0
P3,28,chapter_17,1,1,same_rank,0,0,0,0,0.0
P3,29,chapter_01,1,1,same_rank,0,0,0,0,0.0
P3,30,chapter_25,1,1,same_rank,0,0,0,0,0.0
P3,31,chapter_22,1,2,worsened,-1,0,0,0,-0.5
P3,32,chapter_06,1,1,same_rank,0,0,0,0,0.0
P3,33,chapter_14,1,1,same_rank,0,0,0,0,0.0
P3,34,chapter_15,1,1,same_rank,0,0,0,0,0.0
P3,35,chapter_07,1,2,worsened,-1,0,0,0,-0.5
P3,36,chapter_32,1,1,same_rank,0,0,0,0,0.0
P3,37,chapter_19,1,1,same_rank,0,0,0,0,0.0
P3,38,chapter_08,1,1,same_rank,0,0,0,0,0.0
P3,39,chapter_09,1,1,same_rank,0,0,0,0,0.0
P3,40,chapter_23,1,1,same_rank,0,0,0,0,0.0
P3,41,chapter_20,1,1,same_rank,0,0,0,0,0.0
P3,42,chapter_04,1,1,same_rank,0,0,0,0,0.0
P3,43,chapter_05,1,1,same_rank,0,0,0,0,0.0
P3,44,chapter_25,1,1,same_rank,0,0,0,0,0.0
P3,45,chapter_03,1,1,same_rank,0,0,0,0,0.0
P3,46,chapter_18,1,1,same_rank,0,0,0,0,0.0
P3,47,chapter_13,1,1,same_rank,0,0,0,0,0.0
P3,48,chapter_29,1,1,same_rank,0,0,0,0,0.0
P3,49,chapter_07,1,1,same_rank,0,0,0,0,0.0
P3,50,chapter_33,1,1,same_rank,0,0,0,0,0.0
P3,51,chapter_23,1,3,worsened,-1,0,0,0,-0.6666666666666667
P3,52,chapter_20,1,1,same_rank,0,0,0,0,0.0
P3,53,chapter_28,1,1,same_rank,0,0,0,0,0.0
P3,54,chapter_12,1,1,same_rank,0,0,0,0,0.0
P3,55,chapter_18,1,1,same_rank,0,0,0,0,0.0
P3,56,chapter_03,1,1,same_rank,0,0,0,0,0.0
P3,57,chapter_16,1,1,same_rank,0,0,0,0,0.0
P3,58,chapter_04,1,1,same_rank,0,0,0,0,0.0
P3,59,chapter_12,1,1,same_rank,0,0,0,0,0.0
P3,60,chapter_34,1,1,same_rank,0,0,0,0,0.0
P3,61,chapter_02,2,2,same_rank,0,0,0,0,0.0
P3,62,chapter_02,1,1,same_rank,0,0,0,0,0.0
P3,63,chapter_02,7,,lost_hit,0,0,0,-1,-0.14285714285714285
P3,64,chapter_02,1,2,worsened,-1,0,0,0,-0.5
P3,65,cross_chapter_1,6,3,improved,0,1,1,0,0.16666666666666666
P3,66,cross_chapter_1,3,2,improved,0,0,0,0,0.16666666666666669
P3,67,cross_chapter_1,1,1,same_rank,0,0,0,0,0.0
P3,68,cross_chapter_1,3,3,same_rank,0,0,0,0,0.0
P3,69,chapter_21,1,1,same_rank,0,0,0,0,0.0
P3,70,chapter_21,1,1,same_rank,0,0,0,0,0.0
P3,71,chapter_21,1,1,same_rank,0,0,0,0,0.0
P3,72,chapter_21,1,1,same_rank,0,0,0,0,0.0
P3,73,chapter_24,1,1,same_rank,0,0,0,0,0.0
P3,74,chapter_24,3,7,worsened,0,-1,-1,0,-0.19047619047619047
P3,75,chapter_24,3,3,same_rank,0,0,0,0,0.0
P3,76,chapter_24,1,1,same_rank,0,0,0,0,0.0
P3,77,chapter_26,1,1,same_rank,0,0,0,0,0.0
P3,78,chapter_26,1,1,same_rank,0,0,0,0,0.0
P3,79,chapter_26,1,1,same_rank,0,0,0,0,0.0
P3,80,chapter_26,5,6,worsened,0,0,-1,0,-0.033333333333333354
P3,81,chapter_27,1,1,same_rank,0,0,0,0,0.0
P3,82,chapter_27,2,2,same_rank,0,0,0,0,0.0
P3,83,chapter_27,6,3,improved,0,1,1,0,0.16666666666666666
P3,84,chapter_27,1,1,same_rank,0,0,0,0,0.0
P3,85,chapter_30,1,1,same_rank,0,0,0,0,0.0
P3,86,chapter_30,1,1,same_rank,0,0,0,0,0.0
P3,87,chapter_30,1,1,same_rank,0,0,0,0,0.0
P3,88,chapter_30,1,1,same_rank,0,0,0,0,0.0
P3,89,chapter_31,1,1,same_rank,0,0,0,0,0.0
P3,90,chapter_31,1,1,same_rank,0,0,0,0,0.0
P3,91,chapter_31,4,2,improved,0,1,0,0,0.25
P3,92,chapter_31,1,1,same_rank,0,0,0,0,0.0
P3,93,annex_01,1,1,same_rank,0,0,0,0,0.0
P3,94,annex_01,1,1,same_rank,0,0,0,0,0.0
P3,95,annex_01,1,1,same_rank,0,0,0,0,0.0
P3,96,annex_02,1,2,worsened,-1,0,0,0,-0.5
P3,97,annex_02,1,1,same_rank,0,0,0,0,0.0
P3,98,annex_02,1,1,same_rank,0,0,0,0,0.0
P3,99,cross_chapter_2,,,unchanged_miss,0,0,0,0,0.0
P3,100,cross_chapter_2,,,unchanged_miss,0,0,0,0,0.0
P3,101,cross_chapter_2,4,10,worsened,0,0,-1,0,-0.15
P3,102,cross_chapter_2,,,unchanged_miss,0,0,0,0,0.0
P3,103,chapter_08,1,1,same_rank,0,0,0,0,0.0
P3,104,chapter_08,2,2,same_rank,0,0,0,0,0.0
P3,105,chapter_08,1,1,same_rank,0,0,0,0,0.0
P3,106,chapter_08,1,1,same_rank,0,0,0,0,0.0
P3,107,chapter_09,2,1,improved,1,0,0,0,0.5
P3,108,chapter_09,1,1,same_rank,0,0,0,0,0.0
P3,109,chapter_09,1,1,same_rank,0,0,0,0,0.0
P3,110,chapter_09,1,1,same_rank,0,0,0,0,0.0
P3,111,chapter_10,1,3,worsened,-1,0,0,0,-0.6666666666666667
P3,112,chapter_10,1,1,same_rank,0,0,0,0,0.0
P3,113,chapter_10,1,1,same_rank,0,0,0,0,0.0
P3,114,chapter_10,1,1,same_rank,0,0,0,0,0.0
P3,115,chapter_11,1,5,worsened,-1,-1,0,0,-0.8
P3,116,chapter_11,1,1,same_rank,0,0,0,0,0.0
P3,117,chapter_11,1,1,same_rank,0,0,0,0,0.0
P3,118,chapter_11,1,1,same_rank,0,0,0,0,0.0
P3,119,chapter_13,1,1,same_rank,0,0,0,0,0.0
P3,120,chapter_13,1,1,same_rank,0,0,0,0,0.0
P3,121,chapter_13,4,,lost_hit,0,0,-1,-1,-0.25
P3,122,chapter_13,1,1,same_rank,0,0,0,0,0.0
P3,123,chapter_15,1,1,same_rank,0,0,0,0,0.0
P3,124,chapter_15,,,unchanged_miss,0,0,0,0,0.0
P3,125,chapter_15,1,1,same_rank,0,0,0,0,0.0
P3,126,chapter_15,2,1,improved,1,0,0,0,0.5
P3,127,chapter_16,1,1,same_rank,0,0,0,0,0.0
P3,128,chapter_16,1,4,worsened,-1,-1,0,0,-0.75
P3,129,chapter_16,1,1,same_rank,0,0,0,0,0.0
P3,130,chapter_16,1,1,same_rank,0,0,0,0,0.0
P4,1,chapter_06,1,1,same_rank,0,0,0,0,0.0
P4,2,chapter_34,1,1,same_rank,0,0,0,0,0.0
P4,3,chapter_33,1,5,worsened,-1,-1,0,0,-0.8
P4,4,chapter_28,1,2,worsened,-1,0,0,0,-0.5
P4,5,chapter_19,1,1,same_rank,0,0,0,0,0.0
P4,6,chapter_32,1,1,same_rank,0,0,0,0,0.0
P4,7,chapter_34,1,5,worsened,-1,-1,0,0,-0.8
P4,8,chapter_11,1,1,same_rank,0,0,0,0,0.0
P4,9,chapter_17,,,unchanged_miss,0,0,0,0,0.0
P4,10,chapter_06,2,2,same_rank,0,0,0,0,0.0
P4,11,chapter_17,,,unchanged_miss,0,0,0,0,0.0
P4,12,chapter_28,1,1,same_rank,0,0,0,0,0.0
P4,13,chapter_33,1,1,same_rank,0,0,0,0,0.0
P4,14,chapter_10,3,,lost_hit,0,-1,-1,-1,-0.3333333333333333
P4,15,chapter_12,1,1,same_rank,0,0,0,0,0.0
P4,16,chapter_01,1,1,same_rank,0,0,0,0,0.0
P4,17,chapter_14,1,1,same_rank,0,0,0,0,0.0
P4,18,chapter_22,2,8,worsened,0,-1,-1,0,-0.375
P4,19,chapter_32,1,1,same_rank,0,0,0,0,0.0
P4,20,chapter_12,1,1,same_rank,0,0,0,0,0.0
P4,21,chapter_05,1,1,same_rank,0,0,0,0,0.0
P4,22,cross_chapter_2,2,,lost_hit,0,-1,-1,-1,-0.5
P4,23,chapter_29,2,1,improved,1,0,0,0,0.5
P4,24,chapter_34,1,1,same_rank,0,0,0,0,0.0
P4,25,chapter_12,1,1,same_rank,0,0,0,0,0.0
P4,26,chapter_28,1,1,same_rank,0,0,0,0,0.0
P4,27,chapter_25,1,1,same_rank,0,0,0,0,0.0
P4,28,chapter_17,1,1,same_rank,0,0,0,0,0.0
P4,29,chapter_01,1,1,same_rank,0,0,0,0,0.0
P4,30,chapter_25,1,2,worsened,-1,0,0,0,-0.5
P4,31,chapter_22,1,5,worsened,-1,-1,0,0,-0.8
P4,32,chapter_06,1,1,same_rank,0,0,0,0,0.0
P4,33,chapter_14,1,1,same_rank,0,0,0,0,0.0
P4,34,chapter_15,1,1,same_rank,0,0,0,0,0.0
P4,35,chapter_07,1,1,same_rank,0,0,0,0,0.0
P4,36,chapter_32,1,1,same_rank,0,0,0,0,0.0
P4,37,chapter_19,1,1,same_rank,0,0,0,0,0.0
P4,38,chapter_08,1,1,same_rank,0,0,0,0,0.0
P4,39,chapter_09,1,1,same_rank,0,0,0,0,0.0
P4,40,chapter_23,1,9,worsened,-1,-1,-1,0,-0.8888888888888888
P4,41,chapter_20,1,1,same_rank,0,0,0,0,0.0
P4,42,chapter_04,1,1,same_rank,0,0,0,0,0.0
P4,43,chapter_05,1,1,same_rank,0,0,0,0,0.0
P4,44,chapter_25,1,1,same_rank,0,0,0,0,0.0
P4,45,chapter_03,1,,lost_hit,-1,-1,-1,-1,-1.0
P4,46,chapter_18,1,1,same_rank,0,0,0,0,0.0
P4,47,chapter_13,1,1,same_rank,0,0,0,0,0.0
P4,48,chapter_29,1,2,worsened,-1,0,0,0,-0.5
P4,49,chapter_07,1,1,same_rank,0,0,0,0,0.0
P4,50,chapter_33,1,1,same_rank,0,0,0,0,0.0
P4,51,chapter_23,1,2,worsened,-1,0,0,0,-0.5
P4,52,chapter_20,1,1,same_rank,0,0,0,0,0.0
P4,53,chapter_28,1,1,same_rank,0,0,0,0,0.0
P4,54,chapter_12,1,1,same_rank,0,0,0,0,0.0
P4,55,chapter_18,1,1,same_rank,0,0,0,0,0.0
P4,56,chapter_03,1,1,same_rank,0,0,0,0,0.0
P4,57,chapter_16,1,1,same_rank,0,0,0,0,0.0
P4,58,chapter_04,1,4,worsened,-1,-1,0,0,-0.75
P4,59,chapter_12,1,1,same_rank,0,0,0,0,0.0
P4,60,chapter_34,1,2,worsened,-1,0,0,0,-0.5
P4,61,chapter_02,2,1,improved,1,0,0,0,0.5
P4,62,chapter_02,1,3,worsened,-1,0,0,0,-0.6666666666666667
P4,63,chapter_02,7,,lost_hit,0,0,0,-1,-0.14285714285714285
P4,64,chapter_02,1,,lost_hit,-1,-1,-1,-1,-1.0
P4,65,cross_chapter_1,6,2,improved,0,1,1,0,0.33333333333333337
P4,66,cross_chapter_1,3,3,same_rank,0,0,0,0,0.0
P4,67,cross_chapter_1,1,1,same_rank,0,0,0,0,0.0
P4,68,cross_chapter_1,3,6,worsened,0,-1,-1,0,-0.16666666666666666
P4,69,chapter_21,1,1,same_rank,0,0,0,0,0.0
P4,70,chapter_21,1,1,same_rank,0,0,0,0,0.0
P4,71,chapter_21,1,1,same_rank,0,0,0,0,0.0
P4,72,chapter_21,1,4,worsened,-1,-1,0,0,-0.75
P4,73,chapter_24,1,1,same_rank,0,0,0,0,0.0
P4,74,chapter_24,3,,lost_hit,0,-1,-1,-1,-0.3333333333333333
P4,75,chapter_24,3,5,worsened,0,-1,0,0,-0.1333333333333333
P4,76,chapter_24,1,2,worsened,-1,0,0,0,-0.5
P4,77,chapter_26,1,,lost_hit,-1,-1,-1,-1,-1.0
P4,78,chapter_26,1,1,same_rank,0,0,0,0,0.0
P4,79,chapter_26,1,1,same_rank,0,0,0,0,0.0
P4,80,chapter_26,5,4,improved,0,0,0,0,0.04999999999999999
P4,81,chapter_27,1,6,worsened,-1,-1,-1,0,-0.8333333333333334
P4,82,chapter_27,2,1,improved,1,0,0,0,0.5
P4,83,chapter_27,6,2,improved,0,1,1,0,0.33333333333333337
P4,84,chapter_27,1,1,same_rank,0,0,0,0,0.0
P4,85,chapter_30,1,1,same_rank,0,0,0,0,0.0
P4,86,chapter_30,1,1,same_rank,0,0,0,0,0.0
P4,87,chapter_30,1,1,same_rank,0,0,0,0,0.0
P4,88,chapter_30,1,1,same_rank,0,0,0,0,0.0
P4,89,chapter_31,1,1,same_rank,0,0,0,0,0.0
P4,90,chapter_31,1,1,same_rank,0,0,0,0,0.0
P4,91,chapter_31,4,7,worsened,0,0,-1,0,-0.10714285714285715
P4,92,chapter_31,1,1,same_rank,0,0,0,0,0.0
P4,93,annex_01,1,2,worsened,-1,0,0,0,-0.5
P4,94,annex_01,1,4,worsened,-1,-1,0,0,-0.75
P4,95,annex_01,1,2,worsened,-1,0,0,0,-0.5
P4,96,annex_02,1,1,same_rank,0,0,0,0,0.0
P4,97,annex_02,1,1,same_rank,0,0,0,0,0.0
P4,98,annex_02,1,1,same_rank,0,0,0,0,0.0
P4,99,cross_chapter_2,,,unchanged_miss,0,0,0,0,0.0
P4,100,cross_chapter_2,,,unchanged_miss,0,0,0,0,0.0
P4,101,cross_chapter_2,4,,lost_hit,0,0,-1,-1,-0.25
P4,102,cross_chapter_2,,,unchanged_miss,0,0,0,0,0.0
P4,103,chapter_08,1,1,same_rank,0,0,0,0,0.0
P4,104,chapter_08,2,,lost_hit,0,-1,-1,-1,-0.5
P4,105,chapter_08,1,4,worsened,-1,-1,0,0,-0.75
P4,106,chapter_08,1,1,same_rank,0,0,0,0,0.0
P4,107,chapter_09,2,2,same_rank,0,0,0,0,0.0
P4,108,chapter_09,1,1,same_rank,0,0,0,0,0.0
P4,109,chapter_09,1,1,same_rank,0,0,0,0,0.0
P4,110,chapter_09,1,1,same_rank,0,0,0,0,0.0
P4,111,chapter_10,1,,lost_hit,-1,-1,-1,-1,-1.0
P4,112,chapter_10,1,,lost_hit,-1,-1,-1,-1,-1.0
P4,113,chapter_10,1,1,same_rank,0,0,0,0,0.0
P4,114,chapter_10,1,1,same_rank,0,0,0,0,0.0
P4,115,chapter_11,1,,lost_hit,-1,-1,-1,-1,-1.0
P4,116,chapter_11,1,1,same_rank,0,0,0,0,0.0
P4,117,chapter_11,1,2,worsened,-1,0,0,0,-0.5
P4,118,chapter_11,1,1,same_rank,0,0,0,0,0.0
P4,119,chapter_13,1,1,same_rank,0,0,0,0,0.0
P4,120,chapter_13,1,1,same_rank,0,0,0,0,0.0
P4,121,chapter_13,4,7,worsened,0,0,-1,0,-0.10714285714285715
P4,122,chapter_13,1,1,same_rank,0,0,0,0,0.0
P4,123,chapter_15,1,1,same_rank,0,0,0,0,0.0
P4,124,chapter_15,,,unchanged_miss,0,0,0,0,0.0
P4,125,chapter_15,1,1,same_rank,0,0,0,0,0.0
P4,126,chapter_15,2,4,worsened,0,-1,0,0,-0.25
P4,127,chapter_16,1,1,same_rank,0,0,0,0,0.0
P4,128,chapter_16,1,,lost_hit,-1,-1,-1,-1,-1.0
P4,129,chapter_16,1,1,same_rank,0,0,0,0,0.0
P4,130,chapter_16,1,2,worsened,-1,0,0,0,-0.5
