variant,id_questao,target_canonical,dificuldade,tipo,indice_subjetividade,first_relevant_rank,hit_1,hit_3,hit_5,hit_10,reciprocal_rank_10
P0,1,chapter_06,Hard,Direct,0.35,1,1,1,1,1,1.0
P0,2,chapter_34,Hard,Direct,0.05,1,1,1,1,1,1.0
P0,3,chapter_33,Medium-Low,Direct,0.33,1,1,1,1,1,1.0
P0,4,chapter_28,Hard,Indirect,0.17,1,1,1,1,1,1.0
P0,5,chapter_19,Medium-Low,Direct,0.36,1,1,1,1,1,1.0
P0,6,chapter_32,Hard,Direct,0.0,1,1,1,1,1,1.0
P0,7,chapter_34,Medium-Low,Direct,0.27,1,1,1,1,1,1.0
P0,8,chapter_11,Medium-Low,Direct,0.0,1,1,1,1,1,1.0
P0,9,chapter_17,Hard,Indirect,0.42,,0,0,0,0,0.0
P0,10,chapter_06,Medium-High,Indirect,0.5,2,0,1,1,1,0.5
P0,11,chapter_17,Easy,Direct,0.5,,0,0,0,0,0.0
P0,12,chapter_28,Medium-High,Indirect,0.33,1,1,1,1,1,1.0
P0,13,chapter_33,Medium-Low,Indirect,0.17,1,1,1,1,1,1.0
P0,14,chapter_10,Hard,Indirect,0.0,3,0,1,1,1,0.3333333333333333
P0,15,chapter_12,Medium-Low,Direct,0.1,1,1,1,1,1,1.0
P0,16,chapter_01,Hard,Indirect,0.25,1,1,1,1,1,1.0
P0,17,chapter_14,Medium-High,Direct,1.0,1,1,1,1,1,1.0
P0,18,chapter_22,Hard,Indirect,0.0,2,0,1,1,1,0.5
P0,19,chapter_32,Medium-High,Direct,0.8,1,1,1,1,1,1.0
P0,20,chapter_12,Medium-High,Indirect,0.87,1,1,1,1,1,1.0
P0,21,chapter_05,Medium-Low,Direct,0.0,1,1,1,1,1,1.0
P0,22,cross_chapter_2,Hard,Indirect,0.25,2,0,1,1,1,0.5
P0,23,chapter_29,Hard,Direct,0.95,2,0,1,1,1,0.5
P0,24,chapter_34,Hard,Indirect,0.0,1,1,1,1,1,1.0
P0,25,chapter_12,Medium-High,Direct,0.53,1,1,1,1,1,1.0
P0,26,chapter_28,Hard,Indirect,1.0,1,1,1,1,1,1.0
P0,27,chapter_25,Medium-Low,Indirect,0.33,1,1,1,1,1,1.0
P0,28,chapter_17,Easy,Direct,0.33,1,1,1,1,1,1.0
P0,29,chapter_01,Hard,Direct,0.0,1,1,1,1,1,1.0
P0,30,chapter_25,Hard,Indirect,0.0,1,1,1,1,1,1.0
P0,31,chapter_22,Hard,Direct,0.0,1,1,1,1,1,1.0
P0,32,chapter_06,Medium-Low,Direct,0.0,1,1,1,1,1,1.0
P0,33,chapter_14,Medium-High,Direct,0.43,1,1,1,1,1,1.0
P0,34,chapter_15,Hard,Direct,0.33,1,1,1,1,1,1.0
P0,35,chapter_07,Medium-Low,Direct,0.6,1,1,1,1,1,1.0
P0,36,chapter_32,Hard,Indirect,0.22,1,1,1,1,1,1.0
P0,37,chapter_19,Hard,Indirect,0.0,1,1,1,1,1,1.0
P0,38,chapter_08,Medium-Low,Direct,0.33,1,1,1,1,1,1.0
P0,39,chapter_09,Hard,Indirect,0.0,1,1,1,1,1,1.0
P0,40,chapter_23,Hard,Indirect,0.8,1,1,1,1,1,1.0
P0,41,chapter_20,Hard,Indirect,0.4,1,1,1,1,1,1.0
P0,42,chapter_04,Hard,Indirect,0.5,1,1,1,1,1,1.0
P0,43,chapter_05,Hard,Indirect,0.0,1,1,1,1,1,1.0
P0,44,chapter_25,Easy,Direct,0.0,1,1,1,1,1,1.0
P0,45,chapter_03,Easy,Direct,0.0,1,1,1,1,1,1.0
P0,46,chapter_18,Hard,Indirect,0.2,1,1,1,1,1,1.0
P0,47,chapter_13,Medium-Low,Direct,0.38,1,1,1,1,1,1.0
P0,48,chapter_29,Hard,Direct,0.0,1,1,1,1,1,1.0
P0,49,chapter_07,Hard,Direct,0.0,1,1,1,1,1,1.0
P0,50,chapter_33,Medium-Low,Direct,0.88,1,1,1,1,1,1.0
P0,51,chapter_23,Hard,Direct,0.33,1,1,1,1,1,1.0
P0,52,chapter_20,Hard,Direct,0.0,1,1,1,1,1,1.0
P0,53,chapter_28,Medium-High,Direct,0.6,1,1,1,1,1,1.0
P0,54,chapter_12,Medium-Low,Direct,0.45,1,1,1,1,1,1.0
P0,55,chapter_18,Hard,Indirect,0.1,1,1,1,1,1,1.0
P0,56,chapter_03,Hard,Direct,0.0,1,1,1,1,1,1.0
P0,57,chapter_16,Medium-High,Indirect,0.6,1,1,1,1,1,1.0
P0,58,chapter_04,Medium-Low,Direct,0.0,1,1,1,1,1,1.0
P0,59,chapter_12,Hard,Indirect,0.25,1,1,1,1,1,1.0
P0,60,chapter_34,Hard,Indirect,0.11,1,1,1,1,1,1.0
P0,61,chapter_02,Hard,Indirect,0.0,2,0,1,1,1,0.5
P0,62,chapter_02,Hard,Indirect,0.42,1,1,1,1,1,1.0
P0,63,chapter_02,Hard,Direct,0.28,7,0,0,0,1,0.14285714285714285
P0,64,chapter_02,Hard,Indirect,0.0,1,1,1,1,1,1.0
P0,65,cross_chapter_1,Hard,Indirect,0.0,6,0,0,0,1,0.16666666666666666
P0,66,cross_chapter_1,Hard,Indirect,0.47,3,0,1,1,1,0.3333333333333333
P0,67,cross_chapter_1,Hard,Indirect,0.0,1,1,1,1,1,1.0
P0,68,cross_chapter_1,Hard,Indirect,0.17,3,0,1,1,1,0.3333333333333333
P0,69,chapter_21,Hard,Indirect,0.0,1,1,1,1,1,1.0
P0,70,chapter_21,Hard,Indirect,0.0,1,1,1,1,1,1.0
P0,71,chapter_21,Hard,Indirect,0.4,1,1,1,1,1,1.0
P0,72,chapter_21,Hard,Indirect,0.1,1,1,1,1,1,1.0
P0,73,chapter_24,Medium-Low,Indirect,0.33,1,1,1,1,1,1.0
P0,74,chapter_24,Hard,Indirect,0.27,3,0,1,1,1,0.3333333333333333
P0,75,chapter_24,Hard,Indirect,0.25,3,0,1,1,1,0.3333333333333333
P0,76,chapter_24,Hard,Indirect,0.0,1,1,1,1,1,1.0
P0,77,chapter_26,Hard,Indirect,0.33,1,1,1,1,1,1.0
P0,78,chapter_26,Hard,Indirect,0.33,1,1,1,1,1,1.0
P0,79,chapter_26,Hard,Indirect,0.6,1,1,1,1,1,1.0
P0,80,chapter_26,Medium-Low,Direct,0.0,5,0,0,1,1,0.2
P0,81,chapter_27,Hard,Indirect,0.33,1,1,1,1,1,1.0
P0,82,chapter_27,Hard,Indirect,0.0,2,0,1,1,1,0.5
P0,83,chapter_27,Medium-Low,Direct,0.33,6,0,0,0,1,0.16666666666666666
P0,84,chapter_27,Medium-High,Direct,0.0,1,1,1,1,1,1.0
P0,85,chapter_30,Medium-High,Indirect,0.0,1,1,1,1,1,1.0
P0,86,chapter_30,Hard,Indirect,0.0,1,1,1,1,1,1.0
P0,87,chapter_30,Hard,Direct,0.0,1,1,1,1,1,1.0
P0,88,chapter_30,Hard,Indirect,0.68,1,1,1,1,1,1.0
P0,89,chapter_31,Medium-High,Indirect,0.75,1,1,1,1,1,1.0
P0,90,chapter_31,Hard,Indirect,0.37,1,1,1,1,1,1.0
P0,91,chapter_31,Hard,Indirect,0.0,4,0,0,1,1,0.25
P0,92,chapter_31,Hard,Indirect,1.0,1,1,1,1,1,1.0
P0,93,annex_01,Hard,Indirect,0.7,1,1,1,1,1,1.0
P0,94,annex_01,Medium-Low,Indirect,0.0,1,1,1,1,1,1.0
P0,95,annex_01,Medium-Low,Indirect,0.5,1,1,1,1,1,1.0
P0,96,annex_02,Hard,Indirect,0.0,1,1,1,1,1,1.0
P0,97,annex_02,Medium-Low,Indirect,0.27,1,1,1,1,1,1.0
P0,98,annex_02,Medium-Low,Direct,0.12,1,1,1,1,1,1.0
P0,99,cross_chapter_2,Hard,Indirect,0.33,,0,0,0,0,0.0
P0,100,cross_chapter_2,Hard,Indirect,0.15,,0,0,0,0,0.0
P0,101,cross_chapter_2,Hard,Indirect,0.4,4,0,0,1,1,0.25
P0,102,cross_chapter_2,Medium-Low,Indirect,0.0,,0,0,0,0,0.0
P0,103,chapter_08,Hard,Indirect,0.5,1,1,1,1,1,1.0
P0,104,chapter_08,Hard,Indirect,0.1,2,0,1,1,1,0.5
P0,105,chapter_08,Medium-High,Direct,1.0,1,1,1,1,1,1.0
P0,106,chapter_08,Medium-High,Direct,1.0,1,1,1,1,1,1.0
P0,107,chapter_09,Hard,Direct,0.0,2,0,1,1,1,0.5
P0,108,chapter_09,Hard,Indirect,0.17,1,1,1,1,1,1.0
P0,109,chapter_09,Medium-Low,Direct,0.0,1,1,1,1,1,1.0
P0,110,chapter_09,Medium-High,Direct,0.5,1,1,1,1,1,1.0
P0,111,chapter_10,Hard,Direct,0.0,1,1,1,1,1,1.0
P0,112,chapter_10,Hard,Indirect,0.0,1,1,1,1,1,1.0
P0,113,chapter_10,Medium-High,Direct,0.0,1,1,1,1,1,1.0
P0,114,chapter_10,Hard,Indirect,0.25,1,1,1,1,1,1.0
P0,115,chapter_11,Hard,Indirect,0.0,1,1,1,1,1,1.0
P0,116,chapter_11,Hard,Indirect,0.0,1,1,1,1,1,1.0
P0,117,chapter_11,Medium-Low,Direct,0.25,1,1,1,1,1,1.0
P0,118,chapter_11,Medium-Low,Direct,0.0,1,1,1,1,1,1.0
P0,119,chapter_13,Hard,Indirect,0.44,1,1,1,1,1,1.0
P0,120,chapter_13,Hard,Indirect,0.12,1,1,1,1,1,1.0
P0,121,chapter_13,Medium-Low,Direct,0.4,4,0,0,1,1,0.25
P0,122,chapter_13,Easy,Indirect,0.0,1,1,1,1,1,1.0
P0,123,chapter_15,Hard,Indirect,1.0,1,1,1,1,1,1.0
P0,124,chapter_15,Hard,Indirect,0.0,,0,0,0,0,0.0
P0,125,chapter_15,Medium-Low,Direct,0.2,1,1,1,1,1,1.0
P0,126,chapter_15,Easy,Direct,0.0,2,0,1,1,1,0.5
P0,127,chapter_16,Hard,Indirect,0.42,1,1,1,1,1,1.0
P0,128,chapter_16,Hard,Indirect,0.0,1,1,1,1,1,1.0
P0,129,chapter_16,Easy,Direct,0.05,1,1,1,1,1,1.0
P0,130,chapter_16,Hard,Indirect,0.0,1,1,1,1,1,1.0
P1,1,chapter_06,Hard,Direct,0.35,1,1,1,1,1,1.0
P1,2,chapter_34,Hard,Direct,0.05,1,1,1,1,1,1.0
P1,3,chapter_33,Medium-Low,Direct,0.33,1,1,1,1,1,1.0
P1,4,chapter_28,Hard,Indirect,0.17,1,1,1,1,1,1.0
P1,5,chapter_19,Medium-Low,Direct,0.36,1,1,1,1,1,1.0
P1,6,chapter_32,Hard,Direct,0.0,1,1,1,1,1,1.0
P1,7,chapter_34,Medium-Low,Direct,0.27,1,1,1,1,1,1.0
P1,8,chapter_11,Medium-Low,Direct,0.0,1,1,1,1,1,1.0
P1,9,chapter_17,Hard,Indirect,0.42,,0,0,0,0,0.0
P1,10,chapter_06,Medium-High,Indirect,0.5,2,0,1,1,1,0.5
P1,11,chapter_17,Easy,Direct,0.5,,0,0,0,0,0.0
P1,12,chapter_28,Medium-High,Indirect,0.33,1,1,1,1,1,1.0
P1,13,chapter_33,Medium-Low,Indirect,0.17,1,1,1,1,1,1.0
P1,14,chapter_10,Hard,Indirect,0.0,3,0,1,1,1,0.3333333333333333
P1,15,chapter_12,Medium-Low,Direct,0.1,1,1,1,1,1,1.0
P1,16,chapter_01,Hard,Indirect,0.25,1,1,1,1,1,1.0
P1,17,chapter_14,Medium-High,Direct,1.0,1,1,1,1,1,1.0
P1,18,chapter_22,Hard,Indirect,0.0,2,0,1,1,1,0.5
P1,19,chapter_32,Medium-High,Direct,0.8,1,1,1,1,1,1.0
P1,20,chapter_12,Medium-High,Indirect,0.87,1,1,1,1,1,1.0
P1,21,chapter_05,Medium-Low,Direct,0.0,1,1,1,1,1,1.0
P1,22,cross_chapter_2,Hard,Indirect,0.25,2,0,1,1,1,0.5
P1,23,chapter_29,Hard,Direct,0.95,2,0,1,1,1,0.5
P1,24,chapter_34,Hard,Indirect,0.0,1,1,1,1,1,1.0
P1,25,chapter_12,Medium-High,Direct,0.53,1,1,1,1,1,1.0
P1,26,chapter_28,Hard,Indirect,1.0,1,1,1,1,1,1.0
P1,27,chapter_25,Medium-Low,Indirect,0.33,1,1,1,1,1,1.0
P1,28,chapter_17,Easy,Direct,0.33,1,1,1,1,1,1.0
P1,29,chapter_01,Hard,Direct,0.0,1,1,1,1,1,1.0
P1,30,chapter_25,Hard,Indirect,0.0,1,1,1,1,1,1.0
P1,31,chapter_22,Hard,Direct,0.0,1,1,1,1,1,1.0
P1,32,chapter_06,Medium-Low,Direct,0.0,1,1,1,1,1,1.0
P1,33,chapter_14,Medium-High,Direct,0.43,1,1,1,1,1,1.0
P1,34,chapter_15,Hard,Direct,0.33,1,1,1,1,1,1.0
P1,35,chapter_07,Medium-Low,Direct,0.6,1,1,1,1,1,1.0
P1,36,chapter_32,Hard,Indirect,0.22,1,1,1,1,1,1.0
P1,37,chapter_19,Hard,Indirect,0.0,1,1,1,1,1,1.0
P1,38,chapter_08,Medium-Low,Direct,0.33,1,1,1,1,1,1.0
P1,39,chapter_09,Hard,Indirect,0.0,1,1,1,1,1,1.0
P1,40,chapter_23,Hard,Indirect,0.8,1,1,1,1,1,1.0
P1,41,chapter_20,Hard,Indirect,0.4,1,1,1,1,1,1.0
P1,42,chapter_04,Hard,Indirect,0.5,1,1,1,1,1,1.0
P1,43,chapter_05,Hard,Indirect,0.0,1,1,1,1,1,1.0
P1,44,chapter_25,Easy,Direct,0.0,1,1,1,1,1,1.0
P1,45,chapter_03,Easy,Direct,0.0,1,1,1,1,1,1.0
P1,46,chapter_18,Hard,Indirect,0.2,1,1,1,1,1,1.0
P1,47,chapter_13,Medium-Low,Direct,0.38,1,1,1,1,1,1.0
P1,48,chapter_29,Hard,Direct,0.0,1,1,1,1,1,1.0
P1,49,chapter_07,Hard,Direct,0.0,1,1,1,1,1,1.0
P1,50,chapter_33,Medium-Low,Direct,0.88,1,1,1,1,1,1.0
P1,51,chapter_23,Hard,Direct,0.33,1,1,1,1,1,1.0
P1,52,chapter_20,Hard,Direct,0.0,1,1,1,1,1,1.0
P1,53,chapter_28,Medium-High,Direct,0.6,1,1,1,1,1,1.0
P1,54,chapter_12,Medium-Low,Direct,0.45,1,1,1,1,1,1.0
P1,55,chapter_18,Hard,Indirect,0.1,1,1,1,1,1,1.0
P1,56,chapter_03,Hard,Direct,0.0,1,1,1,1,1,1.0
P1,57,chapter_16,Medium-High,Indirect,0.6,1,1,1,1,1,1.0
P1,58,chapter_04,Medium-Low,Direct,0.0,1,1,1,1,1,1.0
P1,59,chapter_12,Hard,Indirect,0.25,1,1,1,1,1,1.0
P1,60,chapter_34,Hard,Indirect,0.11,1,1,1,1,1,1.0
P1,61,chapter_02,Hard,Indirect,0.0,2,0,1,1,1,0.5
P1,62,chapter_02,Hard,Indirect,0.42,1,1,1,1,1,1.0
P1,63,chapter_02,Hard,Direct,0.28,7,0,0,0,1,0.14285714285714285
P1,64,chapter_02,Hard,Indirect,0.0,1,1,1,1,1,1.0
P1,65,cross_chapter_1,Hard,Indirect,0.0,6,0,0,0,1,0.16666666666666666
P1,66,cross_chapter_1,Hard,Indirect,0.47,3,0,1,1,1,0.3333333333333333
P1,67,cross_chapter_1,Hard,Indirect,0.0,1,1,1,1,1,1.0
P1,68,cross_chapter_1,Hard,Indirect,0.17,3,0,1,1,1,0.3333333333333333
P1,69,chapter_21,Hard,Indirect,0.0,1,1,1,1,1,1.0
P1,70,chapter_21,Hard,Indirect,0.0,1,1,1,1,1,1.0
P1,71,chapter_21,Hard,Indirect,0.4,1,1,1,1,1,1.0
P1,72,chapter_21,Hard,Indirect,0.1,1,1,1,1,1,1.0
P1,73,chapter_24,Medium-Low,Indirect,0.33,1,1,1,1,1,1.0
P1,74,chapter_24,Hard,Indirect,0.27,3,0,1,1,1,0.3333333333333333
P1,75,chapter_24,Hard,Indirect,0.25,3,0,1,1,1,0.3333333333333333
P1,76,chapter_24,Hard,Indirect,0.0,1,1,1,1,1,1.0
P1,77,chapter_26,Hard,Indirect,0.33,1,1,1,1,1,1.0
P1,78,chapter_26,Hard,Indirect,0.33,1,1,1,1,1,1.0
P1,79,chapter_26,Hard,Indirect,0.6,1,1,1,1,1,1.0
P1,80,chapter_26,Medium-Low,Direct,0.0,5,0,0,1,1,0.2
P1,81,chapter_27,Hard,Indirect,0.33,1,1,1,1,1,1.0
P1,82,chapter_27,Hard,Indirect,0.0,2,0,1,1,1,0.5
P1,83,chapter_27,Medium-Low,Direct,0.33,6,0,0,0,1,0.16666666666666666
P1,84,chapter_27,Medium-High,Direct,0.0,1,1,1,1,1,1.0
P1,85,chapter_30,Medium-High,Indirect,0.0,1,1,1,1,1,1.0
P1,86,chapter_30,Hard,Indirect,0.0,1,1,1,1,1,1.0
P1,87,chapter_30,Hard,Direct,0.0,1,1,1,1,1,1.0
P1,88,chapter_30,Hard,Indirect,0.68,1,1,1,1,1,1.0
P1,89,chapter_31,Medium-High,Indirect,0.75,1,1,1,1,1,1.0
P1,90,chapter_31,Hard,Indirect,0.37,1,1,1,1,1,1.0
P1,91,chapter_31,Hard,Indirect,0.0,4,0,0,1,1,0.25
P1,92,chapter_31,Hard,Indirect,1.0,1,1,1,1,1,1.0
P1,93,annex_01,Hard,Indirect,0.7,1,1,1,1,1,1.0
P1,94,annex_01,Medium-Low,Indirect,0.0,1,1,1,1,1,1.0
P1,95,annex_01,Medium-Low,Indirect,0.5,1,1,1,1,1,1.0
P1,96,annex_02,Hard,Indirect,0.0,1,1,1,1,1,1.0
P1,97,annex_02,Medium-Low,Indirect,0.27,1,1,1,1,1,1.0
P1,98,annex_02,Medium-Low,Direct,0.12,1,1,1,1,1,1.0
P1,99,cross_chapter_2,Hard,Indirect,0.33,,0,0,0,0,0.0
P1,100,cross_chapter_2,Hard,Indirect,0.15,,0,0,0,0,0.0
P1,101,cross_chapter_2,Hard,Indirect,0.4,4,0,0,1,1,0.25
P1,102,cross_chapter_2,Medium-Low,Indirect,0.0,,0,0,0,0,0.0
P1,103,chapter_08,Hard,Indirect,0.5,1,1,1,1,1,1.0
P1,104,chapter_08,Hard,Indirect,0.1,2,0,1,1,1,0.5
P1,105,chapter_08,Medium-High,Direct,1.0,1,1,1,1,1,1.0
P1,106,chapter_08,Medium-High,Direct,1.0,1,1,1,1,1,1.0
P1,107,chapter_09,Hard,Direct,0.0,2,0,1,1,1,0.5
P1,108,chapter_09,Hard,Indirect,0.17,1,1,1,1,1,1.0
P1,109,chapter_09,Medium-Low,Direct,0.0,1,1,1,1,1,1.0
P1,110,chapter_09,Medium-High,Direct,0.5,1,1,1,1,1,1.0
P1,111,chapter_10,Hard,Direct,0.0,1,1,1,1,1,1.0
P1,112,chapter_10,Hard,Indirect,0.0,1,1,1,1,1,1.0
P1,113,chapter_10,Medium-High,Direct,0.0,1,1,1,1,1,1.0
P1,114,chapter_10,Hard,Indirect,0.25,1,1,1,1,1,1.0
P1,115,chapter_11,Hard,Indirect,0.0,1,1,1,1,1,1.0
P1,116,chapter_11,Hard,Indirect,0.0,1,1,1,1,1,1.0
P1,117,chapter_11,Medium-Low,Direct,0.25,1,1,1,1,1,1.0
P1,118,chapter_11,Medium-Low,Direct,0.0,1,1,1,1,1,1.0
P1,119,chapter_13,Hard,Indirect,0.44,1,1,1,1,1,1.0
P1,120,chapter_13,Hard,Indirect,0.12,1,1,1,1,1,1.0
P1,121,chapter_13,Medium-Low,Direct,0.4,4,0,0,1,1,0.25
P1,122,chapter_13,Easy,Indirect,0.0,1,1,1,1,1,1.0
P1,123,chapter_15,Hard,Indirect,1.0,1,1,1,1,1,1.0
P1,124,chapter_15,Hard,Indirect,0.0,,0,0,0,0,0.0
P1,125,chapter_15,Medium-Low,Direct,0.2,1,1,1,1,1,1.0
P1,126,chapter_15,Easy,Direct,0.0,2,0,1,1,1,0.5
P1,127,chapter_16,Hard,Indirect,0.42,1,1,1,1,1,1.0
P1,128,chapter_16,Hard,Indirect,0.0,1,1,1,1,1,1.0
P1,129,chapter_16,Easy,Direct,0.05,1,1,1,1,1,1.0
P1,130,chapter_16,Hard,Indirect,0.0,1,1,1,1,1,1.0
P2,1,chapter_06,Hard,Direct,0.35,1,1,1,1,1,1.0
P2,2,chapter_34,Hard,Direct,0.05,1,1,1,1,1,1.0
P2,3,chapter_33,Medium-Low,Direct,0.33,2,0,1,1,1,0.5
P2,4,chapter_28,Hard,Indirect,0.17,1,1,1,1,1,1.0
P2,5,chapter_19,Medium-Low,Direct,0.36,1,1,1,1,1,1.0
P2,6,chapter_32,Hard,Direct,0.0,1,1,1,1,1,1.0
P2,7,chapter_34,Medium-Low,Direct,0.27,1,1,1,1,1,1.0
P2,8,chapter_11,Medium-Low,Direct,0.0,1,1,1,1,1,1.0
P2,9,chapter_17,Hard,Indirect,0.42,,0,0,0,0,0.0
P2,10,chapter_06,Medium-High,Indirect,0.5,2,0,1,1,1,0.5
P2,11,chapter_17,Easy,Direct,0.5,,0,0,0,0,0.0
P2,12,chapter_28,Medium-High,Indirect,0.33,1,1,1,1,1,1.0
P2,13,chapter_33,Medium-Low,Indirect,0.17,1,1,1,1,1,1.0
P2,14,chapter_10,Hard,Indirect,0.0,,0,0,0,0,0.0
P2,15,chapter_12,Medium-Low,Direct,0.1,1,1,1,1,1,1.0
P2,16,chapter_01,Hard,Indirect,0.25,1,1,1,1,1,1.0
P2,17,chapter_14,Medium-High,Direct,1.0,1,1,1,1,1,1.0
P2,18,chapter_22,Hard,Indirect,0.0,8,0,0,0,1,0.125
P2,19,chapter_32,Medium-High,Direct,0.8,1,1,1,1,1,1.0
P2,20,chapter_12,Medium-High,Indirect,0.87,1,1,1,1,1,1.0
P2,21,chapter_05,Medium-Low,Direct,0.0,1,1,1,1,1,1.0
P2,22,cross_chapter_2,Hard,Indirect,0.25,7,0,0,0,1,0.14285714285714285
P2,23,chapter_29,Hard,Direct,0.95,1,1,1,1,1,1.0
P2,24,chapter_34,Hard,Indirect,0.0,1,1,1,1,1,1.0
P2,25,chapter_12,Medium-High,Direct,0.53,1,1,1,1,1,1.0
P2,26,chapter_28,Hard,Indirect,1.0,1,1,1,1,1,1.0
P2,27,chapter_25,Medium-Low,Indirect,0.33,2,0,1,1,1,0.5
P2,28,chapter_17,Easy,Direct,0.33,8,0,0,0,1,0.125
P2,29,chapter_01,Hard,Direct,0.0,1,1,1,1,1,1.0
P2,30,chapter_25,Hard,Indirect,0.0,1,1,1,1,1,1.0
P2,31,chapter_22,Hard,Direct,0.0,6,0,0,0,1,0.16666666666666666
P2,32,chapter_06,Medium-Low,Direct,0.0,1,1,1,1,1,1.0
P2,33,chapter_14,Medium-High,Direct,0.43,1,1,1,1,1,1.0
P2,34,chapter_15,Hard,Direct,0.33,1,1,1,1,1,1.0
P2,35,chapter_07,Medium-Low,Direct,0.6,2,0,1,1,1,0.5
P2,36,chapter_32,Hard,Indirect,0.22,1,1,1,1,1,1.0
P2,37,chapter_19,Hard,Indirect,0.0,1,1,1,1,1,1.0
P2,38,chapter_08,Medium-Low,Direct,0.33,,0,0,0,0,0.0
P2,39,chapter_09,Hard,Indirect,0.0,1,1,1,1,1,1.0
P2,40,chapter_23,Hard,Indirect,0.8,1,1,1,1,1,1.0
P2,41,chapter_20,Hard,Indirect,0.4,1,1,1,1,1,1.0
P2,42,chapter_04,Hard,Indirect,0.5,1,1,1,1,1,1.0
P2,43,chapter_05,Hard,Indirect,0.0,1,1,1,1,1,1.0
P2,44,chapter_25,Easy,Direct,0.0,1,1,1,1,1,1.0
P2,45,chapter_03,Easy,Direct,0.0,1,1,1,1,1,1.0
P2,46,chapter_18,Hard,Indirect,0.2,1,1,1,1,1,1.0
P2,47,chapter_13,Medium-Low,Direct,0.38,1,1,1,1,1,1.0
P2,48,chapter_29,Hard,Direct,0.0,1,1,1,1,1,1.0
P2,49,chapter_07,Hard,Direct,0.0,1,1,1,1,1,1.0
P2,50,chapter_33,Medium-Low,Direct,0.88,2,0,1,1,1,0.5
P2,51,chapter_23,Hard,Direct,0.33,1,1,1,1,1,1.0
P2,52,chapter_20,Hard,Direct,0.0,1,1,1,1,1,1.0
P2,53,chapter_28,Medium-High,Direct,0.6,1,1,1,1,1,1.0
P2,54,chapter_12,Medium-Low,Direct,0.45,1,1,1,1,1,1.0
P2,55,chapter_18,Hard,Indirect,0.1,1,1,1,1,1,1.0
P2,56,chapter_03,Hard,Direct,0.0,1,1,1,1,1,1.0
P2,57,chapter_16,Medium-High,Indirect,0.6,1,1,1,1,1,1.0
P2,58,chapter_04,Medium-Low,Direct,0.0,,0,0,0,0,0.0
P2,59,chapter_12,Hard,Indirect,0.25,1,1,1,1,1,1.0
P2,60,chapter_34,Hard,Indirect,0.11,1,1,1,1,1,1.0
P2,61,chapter_02,Hard,Indirect,0.0,1,1,1,1,1,1.0
P2,62,chapter_02,Hard,Indirect,0.42,1,1,1,1,1,1.0
P2,63,chapter_02,Hard,Direct,0.28,9,0,0,0,1,0.1111111111111111
P2,64,chapter_02,Hard,Indirect,0.0,1,1,1,1,1,1.0
P2,65,cross_chapter_1,Hard,Indirect,0.0,,0,0,0,0,0.0
P2,66,cross_chapter_1,Hard,Indirect,0.47,5,0,0,1,1,0.2
P2,67,cross_chapter_1,Hard,Indirect,0.0,1,1,1,1,1,1.0
P2,68,cross_chapter_1,Hard,Indirect,0.17,5,0,0,1,1,0.2
P2,69,chapter_21,Hard,Indirect,0.0,1,1,1,1,1,1.0
P2,70,chapter_21,Hard,Indirect,0.0,1,1,1,1,1,1.0
P2,71,chapter_21,Hard,Indirect,0.4,1,1,1,1,1,1.0
P2,72,chapter_21,Hard,Indirect,0.1,1,1,1,1,1,1.0
P2,73,chapter_24,Medium-Low,Indirect,0.33,1,1,1,1,1,1.0
P2,74,chapter_24,Hard,Indirect,0.27,1,1,1,1,1,1.0
P2,75,chapter_24,Hard,Indirect,0.25,6,0,0,0,1,0.16666666666666666
P2,76,chapter_24,Hard,Indirect,0.0,1,1,1,1,1,1.0
P2,77,chapter_26,Hard,Indirect,0.33,1,1,1,1,1,1.0
P2,78,chapter_26,Hard,Indirect,0.33,2,0,1,1,1,0.5
P2,79,chapter_26,Hard,Indirect,0.6,1,1,1,1,1,1.0
P2,80,chapter_26,Medium-Low,Direct,0.0,1,1,1,1,1,1.0
P2,81,chapter_27,Hard,Indirect,0.33,1,1,1,1,1,1.0
P2,82,chapter_27,Hard,Indirect,0.0,,0,0,0,0,0.0
P2,83,chapter_27,Medium-Low,Direct,0.33,,0,0,0,0,0.0
P2,84,chapter_27,Medium-High,Direct,0.0,1,1,1,1,1,1.0
P2,85,chapter_30,Medium-High,Indirect,0.0,1,1,1,1,1,1.0
P2,86,chapter_30,Hard,Indirect,0.0,1,1,1,1,1,1.0
P2,87,chapter_30,Hard,Direct,0.0,1,1,1,1,1,1.0
P2,88,chapter_30,Hard,Indirect,0.68,1,1,1,1,1,1.0
P2,89,chapter_31,Medium-High,Indirect,0.75,1,1,1,1,1,1.0
P2,90,chapter_31,Hard,Indirect,0.37,1,1,1,1,1,1.0
P2,91,chapter_31,Hard,Indirect,0.0,5,0,0,1,1,0.2
P2,92,chapter_31,Hard,Indirect,1.0,1,1,1,1,1,1.0
P2,93,annex_01,Hard,Indirect,0.7,1,1,1,1,1,1.0
P2,94,annex_01,Medium-Low,Indirect,0.0,1,1,1,1,1,1.0
P2,95,annex_01,Medium-Low,Indirect,0.5,1,1,1,1,1,1.0
P2,96,annex_02,Hard,Indirect,0.0,1,1,1,1,1,1.0
P2,97,annex_02,Medium-Low,Indirect,0.27,1,1,1,1,1,1.0
P2,98,annex_02,Medium-Low,Direct,0.12,1,1,1,1,1,1.0
P2,99,cross_chapter_2,Hard,Indirect,0.33,,0,0,0,0,0.0
P2,100,cross_chapter_2,Hard,Indirect,0.15,,0,0,0,0,0.0
P2,101,cross_chapter_2,Hard,Indirect,0.4,,0,0,0,0,0.0
P2,102,cross_chapter_2,Medium-Low,Indirect,0.0,,0,0,0,0,0.0
P2,103,chapter_08,Hard,Indirect,0.5,3,0,1,1,1,0.3333333333333333
P2,104,chapter_08,Hard,Indirect,0.1,3,0,1,1,1,0.3333333333333333
P2,105,chapter_08,Medium-High,Direct,1.0,,0,0,0,0,0.0
P2,106,chapter_08,Medium-High,Direct,1.0,1,1,1,1,1,1.0
P2,107,chapter_09,Hard,Direct,0.0,10,0,0,0,1,0.1
P2,108,chapter_09,Hard,Indirect,0.17,1,1,1,1,1,1.0
P2,109,chapter_09,Medium-Low,Direct,0.0,1,1,1,1,1,1.0
P2,110,chapter_09,Medium-High,Direct,0.5,1,1,1,1,1,1.0
P2,111,chapter_10,Hard,Direct,0.0,2,0,1,1,1,0.5
P2,112,chapter_10,Hard,Indirect,0.0,1,1,1,1,1,1.0
P2,113,chapter_10,Medium-High,Direct,0.0,1,1,1,1,1,1.0
P2,114,chapter_10,Hard,Indirect,0.25,1,1,1,1,1,1.0
P2,115,chapter_11,Hard,Indirect,0.0,1,1,1,1,1,1.0
P2,116,chapter_11,Hard,Indirect,0.0,2,0,1,1,1,0.5
P2,117,chapter_11,Medium-Low,Direct,0.25,1,1,1,1,1,1.0
P2,118,chapter_11,Medium-Low,Direct,0.0,1,1,1,1,1,1.0
P2,119,chapter_13,Hard,Indirect,0.44,1,1,1,1,1,1.0
P2,120,chapter_13,Hard,Indirect,0.12,1,1,1,1,1,1.0
P2,121,chapter_13,Medium-Low,Direct,0.4,,0,0,0,0,0.0
P2,122,chapter_13,Easy,Indirect,0.0,1,1,1,1,1,1.0
P2,123,chapter_15,Hard,Indirect,1.0,1,1,1,1,1,1.0
P2,124,chapter_15,Hard,Indirect,0.0,3,0,1,1,1,0.3333333333333333
P2,125,chapter_15,Medium-Low,Direct,0.2,6,0,0,0,1,0.16666666666666666
P2,126,chapter_15,Easy,Direct,0.0,1,1,1,1,1,1.0
P2,127,chapter_16,Hard,Indirect,0.42,1,1,1,1,1,1.0
P2,128,chapter_16,Hard,Indirect,0.0,3,0,1,1,1,0.3333333333333333
P2,129,chapter_16,Easy,Direct,0.05,1,1,1,1,1,1.0
P2,130,chapter_16,Hard,Indirect,0.0,2,0,1,1,1,0.5
P3,1,chapter_06,Hard,Direct,0.35,1,1,1,1,1,1.0
P3,2,chapter_34,Hard,Direct,0.05,2,0,1,1,1,0.5
P3,3,chapter_33,Medium-Low,Direct,0.33,1,1,1,1,1,1.0
P3,4,chapter_28,Hard,Indirect,0.17,1,1,1,1,1,1.0
P3,5,chapter_19,Medium-Low,Direct,0.36,1,1,1,1,1,1.0
P3,6,chapter_32,Hard,Direct,0.0,1,1,1,1,1,1.0
P3,7,chapter_34,Medium-Low,Direct,0.27,1,1,1,1,1,1.0
P3,8,chapter_11,Medium-Low,Direct,0.0,1,1,1,1,1,1.0
P3,9,chapter_17,Hard,Indirect,0.42,,0,0,0,0,0.0
P3,10,chapter_06,Medium-High,Indirect,0.5,2,0,1,1,1,0.5
P3,11,chapter_17,Easy,Direct,0.5,,0,0,0,0,0.0
P3,12,chapter_28,Medium-High,Indirect,0.33,1,1,1,1,1,1.0
P3,13,chapter_33,Medium-Low,Indirect,0.17,1,1,1,1,1,1.0
P3,14,chapter_10,Hard,Indirect,0.0,9,0,0,0,1,0.1111111111111111
P3,15,chapter_12,Medium-Low,Direct,0.1,1,1,1,1,1,1.0
P3,16,chapter_01,Hard,Indirect,0.25,1,1,1,1,1,1.0
P3,17,chapter_14,Medium-High,Direct,1.0,1,1,1,1,1,1.0
P3,18,chapter_22,Hard,Indirect,0.0,2,0,1,1,1,0.5
P3,19,chapter_32,Medium-High,Direct,0.8,1,1,1,1,1,1.0
P3,20,chapter_12,Medium-High,Indirect,0.87,1,1,1,1,1,1.0
P3,21,chapter_05,Medium-Low,Direct,0.0,1,1,1,1,1,1.0
P3,22,cross_chapter_2,Hard,Indirect,0.25,2,0,1,1,1,0.5
P3,23,chapter_29,Hard,Direct,0.95,2,0,1,1,1,0.5
P3,24,chapter_34,Hard,Indirect,0.0,1,1,1,1,1,1.0
P3,25,chapter_12,Medium-High,Direct,0.53,1,1,1,1,1,1.0
P3,26,chapter_28,Hard,Indirect,1.0,1,1,1,1,1,1.0
P3,27,chapter_25,Medium-Low,Indirect,0.33,1,1,1,1,1,1.0
P3,28,chapter_17,Easy,Direct,0.33,1,1,1,1,1,1.0
P3,29,chapter_01,Hard,Direct,0.0,1,1,1,1,1,1.0
P3,30,chapter_25,Hard,Indirect,0.0,1,1,1,1,1,1.0
P3,31,chapter_22,Hard,Direct,0.0,2,0,1,1,1,0.5
P3,32,chapter_06,Medium-Low,Direct,0.0,1,1,1,1,1,1.0
P3,33,chapter_14,Medium-High,Direct,0.43,1,1,1,1,1,1.0
P3,34,chapter_15,Hard,Direct,0.33,1,1,1,1,1,1.0
P3,35,chapter_07,Medium-Low,Direct,0.6,2,0,1,1,1,0.5
P3,36,chapter_32,Hard,Indirect,0.22,1,1,1,1,1,1.0
P3,37,chapter_19,Hard,Indirect,0.0,1,1,1,1,1,1.0
P3,38,chapter_08,Medium-Low,Direct,0.33,1,1,1,1,1,1.0
P3,39,chapter_09,Hard,Indirect,0.0,1,1,1,1,1,1.0
P3,40,chapter_23,Hard,Indirect,0.8,1,1,1,1,1,1.0
P3,41,chapter_20,Hard,Indirect,0.4,1,1,1,1,1,1.0
P3,42,chapter_04,Hard,Indirect,0.5,1,1,1,1,1,1.0
P3,43,chapter_05,Hard,Indirect,0.0,1,1,1,1,1,1.0
P3,44,chapter_25,Easy,Direct,0.0,1,1,1,1,1,1.0
P3,45,chapter_03,Easy,Direct,0.0,1,1,1,1,1,1.0
P3,46,chapter_18,Hard,Indirect,0.2,1,1,1,1,1,1.0
P3,47,chapter_13,Medium-Low,Direct,0.38,1,1,1,1,1,1.0
P3,48,chapter_29,Hard,Direct,0.0,1,1,1,1,1,1.0
P3,49,chapter_07,Hard,Direct,0.0,1,1,1,1,1,1.0
P3,50,chapter_33,Medium-Low,Direct,0.88,1,1,1,1,1,1.0
P3,51,chapter_23,Hard,Direct,0.33,3,0,1,1,1,0.3333333333333333
P3,52,chapter_20,Hard,Direct,0.0,1,1,1,1,1,1.0
P3,53,chapter_28,Medium-High,Direct,0.6,1,1,1,1,1,1.0
P3,54,chapter_12,Medium-Low,Direct,0.45,1,1,1,1,1,1.0
P3,55,chapter_18,Hard,Indirect,0.1,1,1,1,1,1,1.0
P3,56,chapter_03,Hard,Direct,0.0,1,1,1,1,1,1.0
P3,57,chapter_16,Medium-High,Indirect,0.6,1,1,1,1,1,1.0
P3,58,chapter_04,Medium-Low,Direct,0.0,1,1,1,1,1,1.0
P3,59,chapter_12,Hard,Indirect,0.25,1,1,1,1,1,1.0
P3,60,chapter_34,Hard,Indirect,0.11,1,1,1,1,1,1.0
P3,61,chapter_02,Hard,Indirect,0.0,2,0,1,1,1,0.5
P3,62,chapter_02,Hard,Indirect,0.42,1,1,1,1,1,1.0
P3,63,chapter_02,Hard,Direct,0.28,,0,0,0,0,0.0
P3,64,chapter_02,Hard,Indirect,0.0,2,0,1,1,1,0.5
P3,65,cross_chapter_1,Hard,Indirect,0.0,3,0,1,1,1,0.3333333333333333
P3,66,cross_chapter_1,Hard,Indirect,0.47,2,0,1,1,1,0.5
P3,67,cross_chapter_1,Hard,Indirect,0.0,1,1,1,1,1,1.0
P3,68,cross_chapter_1,Hard,Indirect,0.17,3,0,1,1,1,0.3333333333333333
P3,69,chapter_21,Hard,Indirect,0.0,1,1,1,1,1,1.0
P3,70,chapter_21,Hard,Indirect,0.0,1,1,1,1,1,1.0
P3,71,chapter_21,Hard,Indirect,0.4,1,1,1,1,1,1.0
P3,72,chapter_21,Hard,Indirect,0.1,1,1,1,1,1,1.0
P3,73,chapter_24,Medium-Low,Indirect,0.33,1,1,1,1,1,1.0
P3,74,chapter_24,Hard,Indirect,0.27,7,0,0,0,1,0.14285714285714285
P3,75,chapter_24,Hard,Indirect,0.25,3,0,1,1,1,0.3333333333333333
P3,76,chapter_24,Hard,Indirect,0.0,1,1,1,1,1,1.0
P3,77,chapter_26,Hard,Indirect,0.33,1,1,1,1,1,1.0
P3,78,chapter_26,Hard,Indirect,0.33,1,1,1,1,1,1.0
P3,79,chapter_26,Hard,Indirect,0.6,1,1,1,1,1,1.0
P3,80,chapter_26,Medium-Low,Direct,0.0,6,0,0,0,1,0.16666666666666666
P3,81,chapter_27,Hard,Indirect,0.33,1,1,1,1,1,1.0
P3,82,chapter_27,Hard,Indirect,0.0,2,0,1,1,1,0.5
P3,83,chapter_27,Medium-Low,Direct,0.33,3,0,1,1,1,0.3333333333333333
P3,84,chapter_27,Medium-High,Direct,0.0,1,1,1,1,1,1.0
P3,85,chapter_30,Medium-High,Indirect,0.0,1,1,1,1,1,1.0
P3,86,chapter_30,Hard,Indirect,0.0,1,1,1,1,1,1.0
P3,87,chapter_30,Hard,Direct,0.0,1,1,1,1,1,1.0
P3,88,chapter_30,Hard,Indirect,0.68,1,1,1,1,1,1.0
P3,89,chapter_31,Medium-High,Indirect,0.75,1,1,1,1,1,1.0
P3,90,chapter_31,Hard,Indirect,0.37,1,1,1,1,1,1.0
P3,91,chapter_31,Hard,Indirect,0.0,2,0,1,1,1,0.5
P3,92,chapter_31,Hard,Indirect,1.0,1,1,1,1,1,1.0
P3,93,annex_01,Hard,Indirect,0.7,1,1,1,1,1,1.0
P3,94,annex_01,Medium-Low,Indirect,0.0,1,1,1,1,1,1.0
P3,95,annex_01,Medium-Low,Indirect,0.5,1,1,1,1,1,1.0
P3,96,annex_02,Hard,Indirect,0.0,2,0,1,1,1,0.5
P3,97,annex_02,Medium-Low,Indirect,0.27,1,1,1,1,1,1.0
P3,98,annex_02,Medium-Low,Direct,0.12,1,1,1,1,1,1.0
P3,99,cross_chapter_2,Hard,Indirect,0.33,,0,0,0,0,0.0
P3,100,cross_chapter_2,Hard,Indirect,0.15,,0,0,0,0,0.0
P3,101,cross_chapter_2,Hard,Indirect,0.4,10,0,0,0,1,0.1
P3,102,cross_chapter_2,Medium-Low,Indirect,0.0,,0,0,0,0,0.0
P3,103,chapter_08,Hard,Indirect,0.5,1,1,1,1,1,1.0
P3,104,chapter_08,Hard,Indirect,0.1,2,0,1,1,1,0.5
P3,105,chapter_08,Medium-High,Direct,1.0,1,1,1,1,1,1.0
P3,106,chapter_08,Medium-High,Direct,1.0,1,1,1,1,1,1.0
P3,107,chapter_09,Hard,Direct,0.0,1,1,1,1,1,1.0
P3,108,chapter_09,Hard,Indirect,0.17,1,1,1,1,1,1.0
P3,109,chapter_09,Medium-Low,Direct,0.0,1,1,1,1,1,1.0
P3,110,chapter_09,Medium-High,Direct,0.5,1,1,1,1,1,1.0
P3,111,chapter_10,Hard,Direct,0.0,3,0,1,1,1,0.3333333333333333
P3,112,chapter_10,Hard,Indirect,0.0,1,1,1,1,1,1.0
P3,113,chapter_10,Medium-High,Direct,0.0,1,1,1,1,1,1.0
P3,114,chapter_10,Hard,Indirect,0.25,1,1,1,1,1,1.0
P3,115,chapter_11,Hard,Indirect,0.0,5,0,0,1,1,0.2
P3,116,chapter_11,Hard,Indirect,0.0,1,1,1,1,1,1.0
P3,117,chapter_11,Medium-Low,Direct,0.25,1,1,1,1,1,1.0
P3,118,chapter_11,Medium-Low,Direct,0.0,1,1,1,1,1,1.0
P3,119,chapter_13,Hard,Indirect,0.44,1,1,1,1,1,1.0
P3,120,chapter_13,Hard,Indirect,0.12,1,1,1,1,1,1.0
P3,121,chapter_13,Medium-Low,Direct,0.4,,0,0,0,0,0.0
P3,122,chapter_13,Easy,Indirect,0.0,1,1,1,1,1,1.0
P3,123,chapter_15,Hard,Indirect,1.0,1,1,1,1,1,1.0
P3,124,chapter_15,Hard,Indirect,0.0,,0,0,0,0,0.0
P3,125,chapter_15,Medium-Low,Direct,0.2,1,1,1,1,1,1.0
P3,126,chapter_15,Easy,Direct,0.0,1,1,1,1,1,1.0
P3,127,chapter_16,Hard,Indirect,0.42,1,1,1,1,1,1.0
P3,128,chapter_16,Hard,Indirect,0.0,4,0,0,1,1,0.25
P3,129,chapter_16,Easy,Direct,0.05,1,1,1,1,1,1.0
P3,130,chapter_16,Hard,Indirect,0.0,1,1,1,1,1,1.0
P4,1,chapter_06,Hard,Direct,0.35,1,1,1,1,1,1.0
P4,2,chapter_34,Hard,Direct,0.05,1,1,1,1,1,1.0
P4,3,chapter_33,Medium-Low,Direct,0.33,5,0,0,1,1,0.2
P4,4,chapter_28,Hard,Indirect,0.17,2,0,1,1,1,0.5
P4,5,chapter_19,Medium-Low,Direct,0.36,1,1,1,1,1,1.0
P4,6,chapter_32,Hard,Direct,0.0,1,1,1,1,1,1.0
P4,7,chapter_34,Medium-Low,Direct,0.27,5,0,0,1,1,0.2
P4,8,chapter_11,Medium-Low,Direct,0.0,1,1,1,1,1,1.0
P4,9,chapter_17,Hard,Indirect,0.42,,0,0,0,0,0.0
P4,10,chapter_06,Medium-High,Indirect,0.5,2,0,1,1,1,0.5
P4,11,chapter_17,Easy,Direct,0.5,,0,0,0,0,0.0
P4,12,chapter_28,Medium-High,Indirect,0.33,1,1,1,1,1,1.0
P4,13,chapter_33,Medium-Low,Indirect,0.17,1,1,1,1,1,1.0
P4,14,chapter_10,Hard,Indirect,0.0,,0,0,0,0,0.0
P4,15,chapter_12,Medium-Low,Direct,0.1,1,1,1,1,1,1.0
P4,16,chapter_01,Hard,Indirect,0.25,1,1,1,1,1,1.0
P4,17,chapter_14,Medium-High,Direct,1.0,1,1,1,1,1,1.0
P4,18,chapter_22,Hard,Indirect,0.0,8,0,0,0,1,0.125
P4,19,chapter_32,Medium-High,Direct,0.8,1,1,1,1,1,1.0
P4,20,chapter_12,Medium-High,Indirect,0.87,1,1,1,1,1,1.0
P4,21,chapter_05,Medium-Low,Direct,0.0,1,1,1,1,1,1.0
P4,22,cross_chapter_2,Hard,Indirect,0.25,,0,0,0,0,0.0
P4,23,chapter_29,Hard,Direct,0.95,1,1,1,1,1,1.0
P4,24,chapter_34,Hard,Indirect,0.0,1,1,1,1,1,1.0
P4,25,chapter_12,Medium-High,Direct,0.53,1,1,1,1,1,1.0
P4,26,chapter_28,Hard,Indirect,1.0,1,1,1,1,1,1.0
P4,27,chapter_25,Medium-Low,Indirect,0.33,1,1,1,1,1,1.0
P4,28,chapter_17,Easy,Direct,0.33,1,1,1,1,1,1.0
P4,29,chapter_01,Hard,Direct,0.0,1,1,1,1,1,1.0
P4,30,chapter_25,Hard,Indirect,0.0,2,0,1,1,1,0.5
P4,31,chapter_22,Hard,Direct,0.0,5,0,0,1,1,0.2
P4,32,chapter_06,Medium-Low,Direct,0.0,1,1,1,1,1,1.0
P4,33,chapter_14,Medium-High,Direct,0.43,1,1,1,1,1,1.0
P4,34,chapter_15,Hard,Direct,0.33,1,1,1,1,1,1.0
P4,35,chapter_07,Medium-Low,Direct,0.6,1,1,1,1,1,1.0
P4,36,chapter_32,Hard,Indirect,0.22,1,1,1,1,1,1.0
P4,37,chapter_19,Hard,Indirect,0.0,1,1,1,1,1,1.0
P4,38,chapter_08,Medium-Low,Direct,0.33,1,1,1,1,1,1.0
P4,39,chapter_09,Hard,Indirect,0.0,1,1,1,1,1,1.0
P4,40,chapter_23,Hard,Indirect,0.8,9,0,0,0,1,0.1111111111111111
P4,41,chapter_20,Hard,Indirect,0.4,1,1,1,1,1,1.0
P4,42,chapter_04,Hard,Indirect,0.5,1,1,1,1,1,1.0
P4,43,chapter_05,Hard,Indirect,0.0,1,1,1,1,1,1.0
P4,44,chapter_25,Easy,Direct,0.0,1,1,1,1,1,1.0
P4,45,chapter_03,Easy,Direct,0.0,,0,0,0,0,0.0
P4,46,chapter_18,Hard,Indirect,0.2,1,1,1,1,1,1.0
P4,47,chapter_13,Medium-Low,Direct,0.38,1,1,1,1,1,1.0
P4,48,chapter_29,Hard,Direct,0.0,2,0,1,1,1,0.5
P4,49,chapter_07,Hard,Direct,0.0,1,1,1,1,1,1.0
P4,50,chapter_33,Medium-Low,Direct,0.88,1,1,1,1,1,1.0
P4,51,chapter_23,Hard,Direct,0.33,2,0,1,1,1,0.5
P4,52,chapter_20,Hard,Direct,0.0,1,1,1,1,1,1.0
P4,53,chapter_28,Medium-High,Direct,0.6,1,1,1,1,1,1.0
P4,54,chapter_12,Medium-Low,Direct,0.45,1,1,1,1,1,1.0
P4,55,chapter_18,Hard,Indirect,0.1,1,1,1,1,1,1.0
P4,56,chapter_03,Hard,Direct,0.0,1,1,1,1,1,1.0
P4,57,chapter_16,Medium-High,Indirect,0.6,1,1,1,1,1,1.0
P4,58,chapter_04,Medium-Low,Direct,0.0,4,0,0,1,1,0.25
P4,59,chapter_12,Hard,Indirect,0.25,1,1,1,1,1,1.0
P4,60,chapter_34,Hard,Indirect,0.11,2,0,1,1,1,0.5
P4,61,chapter_02,Hard,Indirect,0.0,1,1,1,1,1,1.0
P4,62,chapter_02,Hard,Indirect,0.42,3,0,1,1,1,0.3333333333333333
P4,63,chapter_02,Hard,Direct,0.28,,0,0,0,0,0.0
P4,64,chapter_02,Hard,Indirect,0.0,,0,0,0,0,0.0
P4,65,cross_chapter_1,Hard,Indirect,0.0,2,0,1,1,1,0.5
P4,66,cross_chapter_1,Hard,Indirect,0.47,3,0,1,1,1,0.3333333333333333
P4,67,cross_chapter_1,Hard,Indirect,0.0,1,1,1,1,1,1.0
P4,68,cross_chapter_1,Hard,Indirect,0.17,6,0,0,0,1,0.16666666666666666
P4,69,chapter_21,Hard,Indirect,0.0,1,1,1,1,1,1.0
P4,70,chapter_21,Hard,Indirect,0.0,1,1,1,1,1,1.0
P4,71,chapter_21,Hard,Indirect,0.4,1,1,1,1,1,1.0
P4,72,chapter_21,Hard,Indirect,0.1,4,0,0,1,1,0.25
P4,73,chapter_24,Medium-Low,Indirect,0.33,1,1,1,1,1,1.0
P4,74,chapter_24,Hard,Indirect,0.27,,0,0,0,0,0.0
P4,75,chapter_24,Hard,Indirect,0.25,5,0,0,1,1,0.2
P4,76,chapter_24,Hard,Indirect,0.0,2,0,1,1,1,0.5
P4,77,chapter_26,Hard,Indirect,0.33,,0,0,0,0,0.0
P4,78,chapter_26,Hard,Indirect,0.33,1,1,1,1,1,1.0
P4,79,chapter_26,Hard,Indirect,0.6,1,1,1,1,1,1.0
P4,80,chapter_26,Medium-Low,Direct,0.0,4,0,0,1,1,0.25
P4,81,chapter_27,Hard,Indirect,0.33,6,0,0,0,1,0.16666666666666666
P4,82,chapter_27,Hard,Indirect,0.0,1,1,1,1,1,1.0
P4,83,chapter_27,Medium-Low,Direct,0.33,2,0,1,1,1,0.5
P4,84,chapter_27,Medium-High,Direct,0.0,1,1,1,1,1,1.0
P4,85,chapter_30,Medium-High,Indirect,0.0,1,1,1,1,1,1.0
P4,86,chapter_30,Hard,Indirect,0.0,1,1,1,1,1,1.0
P4,87,chapter_30,Hard,Direct,0.0,1,1,1,1,1,1.0
P4,88,chapter_30,Hard,Indirect,0.68,1,1,1,1,1,1.0
P4,89,chapter_31,Medium-High,Indirect,0.75,1,1,1,1,1,1.0
P4,90,chapter_31,Hard,Indirect,0.37,1,1,1,1,1,1.0
P4,91,chapter_31,Hard,Indirect,0.0,7,0,0,0,1,0.14285714285714285
P4,92,chapter_31,Hard,Indirect,1.0,1,1,1,1,1,1.0
P4,93,annex_01,Hard,Indirect,0.7,2,0,1,1,1,0.5
P4,94,annex_01,Medium-Low,Indirect,0.0,4,0,0,1,1,0.25
P4,95,annex_01,Medium-Low,Indirect,0.5,2,0,1,1,1,0.5
P4,96,annex_02,Hard,Indirect,0.0,1,1,1,1,1,1.0
P4,97,annex_02,Medium-Low,Indirect,0.27,1,1,1,1,1,1.0
P4,98,annex_02,Medium-Low,Direct,0.12,1,1,1,1,1,1.0
P4,99,cross_chapter_2,Hard,Indirect,0.33,,0,0,0,0,0.0
P4,100,cross_chapter_2,Hard,Indirect,0.15,,0,0,0,0,0.0
P4,101,cross_chapter_2,Hard,Indirect,0.4,,0,0,0,0,0.0
P4,102,cross_chapter_2,Medium-Low,Indirect,0.0,,0,0,0,0,0.0
P4,103,chapter_08,Hard,Indirect,0.5,1,1,1,1,1,1.0
P4,104,chapter_08,Hard,Indirect,0.1,,0,0,0,0,0.0
P4,105,chapter_08,Medium-High,Direct,1.0,4,0,0,1,1,0.25
P4,106,chapter_08,Medium-High,Direct,1.0,1,1,1,1,1,1.0
P4,107,chapter_09,Hard,Direct,0.0,2,0,1,1,1,0.5
P4,108,chapter_09,Hard,Indirect,0.17,1,1,1,1,1,1.0
P4,109,chapter_09,Medium-Low,Direct,0.0,1,1,1,1,1,1.0
P4,110,chapter_09,Medium-High,Direct,0.5,1,1,1,1,1,1.0
P4,111,chapter_10,Hard,Direct,0.0,,0,0,0,0,0.0
P4,112,chapter_10,Hard,Indirect,0.0,,0,0,0,0,0.0
P4,113,chapter_10,Medium-High,Direct,0.0,1,1,1,1,1,1.0
P4,114,chapter_10,Hard,Indirect,0.25,1,1,1,1,1,1.0
P4,115,chapter_11,Hard,Indirect,0.0,,0,0,0,0,0.0
P4,116,chapter_11,Hard,Indirect,0.0,1,1,1,1,1,1.0
P4,117,chapter_11,Medium-Low,Direct,0.25,2,0,1,1,1,0.5
P4,118,chapter_11,Medium-Low,Direct,0.0,1,1,1,1,1,1.0
P4,119,chapter_13,Hard,Indirect,0.44,1,1,1,1,1,1.0
P4,120,chapter_13,Hard,Indirect,0.12,1,1,1,1,1,1.0
P4,121,chapter_13,Medium-Low,Direct,0.4,7,0,0,0,1,0.14285714285714285
P4,122,chapter_13,Easy,Indirect,0.0,1,1,1,1,1,1.0
P4,123,chapter_15,Hard,Indirect,1.0,1,1,1,1,1,1.0
P4,124,chapter_15,Hard,Indirect,0.0,,0,0,0,0,0.0
P4,125,chapter_15,Medium-Low,Direct,0.2,1,1,1,1,1,1.0
P4,126,chapter_15,Easy,Direct,0.0,4,0,0,1,1,0.25
P4,127,chapter_16,Hard,Indirect,0.42,1,1,1,1,1,1.0
P4,128,chapter_16,Hard,Indirect,0.0,,0,0,0,0,0.0
P4,129,chapter_16,Easy,Direct,0.05,1,1,1,1,1,1.0
P4,130,chapter_16,Hard,Indirect,0.0,2,0,1,1,1,0.5
