question_id;target_id;historical_capitulo_recuperado;p0_canonical_hit_at_5;agreement
1;chapter_06;True;True;True
2;chapter_34;True;True;True
3;chapter_33;True;True;True
4;chapter_28;True;True;True
5;chapter_19;True;True;True
6;chapter_32;True;True;True
7;chapter_34;True;True;True
8;chapter_11;True;True;True
9;chapter_17;False;False;True
10;chapter_06;True;True;True
11;chapter_17;False;False;True
12;chapter_28;True;True;True
13;chapter_33;True;True;True
14;chapter_10;True;True;True
15;chapter_12;True;True;True
16;chapter_01;True;True;True
17;chapter_14;True;True;True
18;chapter_22;True;True;True
19;chapter_32;True;True;True
20;chapter_12;True;True;True
21;chapter_05;True;True;True
22;cross_chapter_2;True;True;True
23;chapter_29;True;True;True
24;chapter_34;True;True;True
25;chapter_12;True;True;True
26;chapter_28;True;True;True
27;chapter_25;True;True;True
28;chapter_17;True;True;True
29;chapter_01;True;True;True
30;chapter_25;True;True;True
31;chapter_22;True;True;True
32;chapter_06;True;True;True
33;chapter_14;True;True;True
34;chapter_15;True;True;True
35;chapter_07;True;True;True
36;chapter_32;True;True;True
37;chapter_19;True;True;True
38;chapter_08;True;True;True
39;chapter_09;True;True;True
40;chapter_23;True;True;True
41;chapter_20;True;True;True
42;chapter_04;True;True;True
43;chapter_05;True;True;True
44;chapter_25;True;True;True
45;chapter_03;True;True;True
46;chapter_18;True;True;True
47;chapter_13;True;True;True
48;chapter_29;True;True;True
49;chapter_07;True;True;True
50;chapter_33;True;True;True
51;chapter_23;True;True;True
52;chapter_20;True;True;True
53;chapter_28;True;True;True
54;chapter_12;True;True;True
55;chapter_18;True;True;True
56;chapter_03;True;True;True
57;chapter_16;True;True;True
58;chapter_04;True;True;True
59;chapter_12;True;True;True
60;chapter_34;True;True;True
61;chapter_02;True;True;True
62;chapter_02;True;True;True
63;chapter_02;False;False;True
64;chapter_02;True;True;True
65;cross_chapter_1;False;False;True
66;cross_chapter_1;True;True;True
67;cross_chapter_1;True;True;True
68;cross_chapter_1;True;True;True
69;chapter_21;True;True;True
70;chapter_21;True;True;True
71;chapter_21;True;True;True
72;chapter_21;True;True;True
73;chapter_24;True;True;True
74;chapter_24;True;True;True
75;chapter_24;True;True;True
76;chapter_24;True;True;True
77;chapter_26;True;True;True
78;chapter_26;True;True;True
79;chapter_26;True;True;True
80;chapter_26;True;True;True
81;chapter_27;True;True;True
82;chapter_27;True;True;True
83;chapter_27;False;False;True
84;chapter_27;True;True;True
85;chapter_30;True;True;True
86;chapter_30;True;True;True
87;chapter_30;True;True;True
88;chapter_30;True;True;True
89;chapter_31;True;True;True
90;chapter_31;True;True;True
91;chapter_31;True;True;True
92;chapter_31;True;True;True
93;annex_01;True;True;True
94;annex_01;True;True;True
95;annex_01;True;True;True
96;annex_02;False;True;False
97;annex_02;False;True;False
98;annex_02;False;True;False
99;cross_chapter_2;False;False;True
100;cross_chapter_2;False;False;True
101;cross_chapter_2;True;True;True
102;cross_chapter_2;False;False;True
103;chapter_08;True;True;True
104;chapter_08;True;True;True
105;chapter_08;True;True;True
106;chapter_08;True;True;True
107;chapter_09;True;True;True
108;chapter_09;True;True;True
109;chapter_09;True;True;True
110;chapter_09;True;True;True
111;chapter_10;True;True;True
112;chapter_10;True;True;True
113;chapter_10;True;True;True
114;chapter_10;True;True;True
115;chapter_11;True;True;True
116;chapter_11;True;True;True
117;chapter_11;True;True;True
118;chapter_11;True;True;True
119;chapter_13;True;True;True
120;chapter_13;True;True;True
121;chapter_13;True;True;True
122;chapter_13;True;True;True
123;chapter_15;True;True;True
124;chapter_15;False;False;True
125;chapter_15;True;True;True
126;chapter_15;True;True;True
127;chapter_16;True;True;True
128;chapter_16;True;True;True
129;chapter_16;True;True;True
130;chapter_16;True;True;True
