question_id;variant;target_id;tipo;dificuldade;hit_at_1;hit_at_3;hit_at_5;hit_at_10;first_relevant_rank;rr_at_10
1;P0;chapter_06;Direct;Hard;1;1;1;1;1;1.0
2;P0;chapter_34;Direct;Hard;1;1;1;1;1;1.0
3;P0;chapter_33;Direct;Medium-Low;1;1;1;1;1;1.0
4;P0;chapter_28;Indirect;Hard;1;1;1;1;1;1.0
5;P0;chapter_19;Direct;Medium-Low;1;1;1;1;1;1.0
6;P0;chapter_32;Direct;Hard;1;1;1;1;1;1.0
7;P0;chapter_34;Direct;Medium-Low;1;1;1;1;1;1.0
8;P0;chapter_11;Direct;Medium-Low;1;1;1;1;1;1.0
9;P0;chapter_17;Indirect;Hard;0;0;0;0;;0.0
10;P0;chapter_06;Indirect;Medium-High;0;1;1;1;2;0.5
11;P0;chapter_17;Direct;Easy;0;0;0;0;;0.0
12;P0;chapter_28;Indirect;Medium-High;1;1;1;1;1;1.0
13;P0;chapter_33;Indirect;Medium-Low;1;1;1;1;1;1.0
14;P0;chapter_10;Indirect;Hard;0;1;1;1;3;0.3333333333333333
15;P0;chapter_12;Direct;Medium-Low;1;1;1;1;1;1.0
16;P0;chapter_01;Indirect;Hard;1;1;1;1;1;1.0
17;P0;chapter_14;Direct;Medium-High;1;1;1;1;1;1.0
18;P0;chapter_22;Indirect;Hard;0;1;1;1;2;0.5
19;P0;chapter_32;Direct;Medium-High;1;1;1;1;1;1.0
20;P0;chapter_12;Indirect;Medium-High;1;1;1;1;1;1.0
21;P0;chapter_05;Direct;Medium-Low;1;1;1;1;1;1.0
22;P0;cross_chapter_2;Indirect;Hard;0;1;1;1;2;0.5
23;P0;chapter_29;Direct;Hard;0;1;1;1;2;0.5
24;P0;chapter_34;Indirect;Hard;1;1;1;1;1;1.0
25;P0;chapter_12;Direct;Medium-High;1;1;1;1;1;1.0
26;P0;chapter_28;Indirect;Hard;1;1;1;1;1;1.0
27;P0;chapter_25;Indirect;Medium-Low;1;1;1;1;1;1.0
28;P0;chapter_17;Direct;Easy;1;1;1;1;1;1.0
29;P0;chapter_01;Direct;Hard;1;1;1;1;1;1.0
30;P0;chapter_25;Indirect;Hard;1;1;1;1;1;1.0
31;P0;chapter_22;Direct;Hard;1;1;1;1;1;1.0
32;P0;chapter_06;Direct;Medium-Low;1;1;1;1;1;1.0
33;P0;chapter_14;Direct;Medium-High;1;1;1;1;1;1.0
34;P0;chapter_15;Direct;Hard;1;1;1;1;1;1.0
35;P0;chapter_07;Direct;Medium-Low;1;1;1;1;1;1.0
36;P0;chapter_32;Indirect;Hard;1;1;1;1;1;1.0
37;P0;chapter_19;Indirect;Hard;1;1;1;1;1;1.0
38;P0;chapter_08;Direct;Medium-Low;1;1;1;1;1;1.0
39;P0;chapter_09;Indirect;Hard;1;1;1;1;1;1.0
40;P0;chapter_23;Indirect;Hard;1;1;1;1;1;1.0
41;P0;chapter_20;Indirect;Hard;1;1;1;1;1;1.0
42;P0;chapter_04;Indirect;Hard;1;1;1;1;1;1.0
43;P0;chapter_05;Indirect;Hard;1;1;1;1;1;1.0
44;P0;chapter_25;Direct;Easy;1;1;1;1;1;1.0
45;P0;chapter_03;Direct;Easy;1;1;1;1;1;1.0
46;P0;chapter_18;Indirect;Hard;1;1;1;1;1;1.0
47;P0;chapter_13;Direct;Medium-Low;1;1;1;1;1;1.0
48;P0;chapter_29;Direct;Hard;1;1;1;1;1;1.0
49;P0;chapter_07;Direct;Hard;1;1;1;1;1;1.0
50;P0;chapter_33;Direct;Medium-Low;1;1;1;1;1;1.0
51;P0;chapter_23;Direct;Hard;1;1;1;1;1;1.0
52;P0;chapter_20;Direct;Hard;1;1;1;1;1;1.0
53;P0;chapter_28;Direct;Medium-High;1;1;1;1;1;1.0
54;P0;chapter_12;Direct;Medium-Low;1;1;1;1;1;1.0
55;P0;chapter_18;Indirect;Hard;1;1;1;1;1;1.0
56;P0;chapter_03;Direct;Hard;1;1;1;1;1;1.0
57;P0;chapter_16;Indirect;Medium-High;1;1;1;1;1;1.0
58;P0;chapter_04;Direct;Medium-Low;1;1;1;1;1;1.0
59;P0;chapter_12;Indirect;Hard;1;1;1;1;1;1.0
60;P0;chapter_34;Indirect;Hard;1;1;1;1;1;1.0
61;P0;chapter_02;Indirect;Hard;0;1;1;1;2;0.5
62;P0;chapter_02;Indirect;Hard;1;1;1;1;1;1.0
63;P0;chapter_02;Direct;Hard;0;0;0;1;7;0.14285714285714285
64;P0;chapter_02;Indirect;Hard;1;1;1;1;1;1.0
65;P0;cross_chapter_1;Indirect;Hard;0;0;0;1;6;0.16666666666666666
66;P0;cross_chapter_1;Indirect;Hard;0;1;1;1;3;0.3333333333333333
67;P0;cross_chapter_1;Indirect;Hard;1;1;1;1;1;1.0
68;P0;cross_chapter_1;Indirect;Hard;0;1;1;1;3;0.3333333333333333
69;P0;chapter_21;Indirect;Hard;1;1;1;1;1;1.0
70;P0;chapter_21;Indirect;Hard;1;1;1;1;1;1.0
71;P0;chapter_21;Indirect;Hard;1;1;1;1;1;1.0
72;P0;chapter_21;Indirect;Hard;1;1;1;1;1;1.0
73;P0;chapter_24;Indirect;Medium-Low;1;1;1;1;1;1.0
74;P0;chapter_24;Indirect;Hard;0;1;1;1;3;0.3333333333333333
75;P0;chapter_24;Indirect;Hard;0;1;1;1;3;0.3333333333333333
76;P0;chapter_24;Indirect;Hard;1;1;1;1;1;1.0
77;P0;chapter_26;Indirect;Hard;1;1;1;1;1;1.0
78;P0;chapter_26;Indirect;Hard;1;1;1;1;1;1.0
79;P0;chapter_26;Indirect;Hard;1;1;1;1;1;1.0
80;P0;chapter_26;Direct;Medium-Low;0;0;1;1;5;0.2
81;P0;chapter_27;Indirect;Hard;1;1;1;1;1;1.0
82;P0;chapter_27;Indirect;Hard;0;1;1;1;2;0.5
83;P0;chapter_27;Direct;Medium-Low;0;0;0;1;6;0.16666666666666666
84;P0;chapter_27;Direct;Medium-High;1;1;1;1;1;1.0
85;P0;chapter_30;Indirect;Medium-High;1;1;1;1;1;1.0
86;P0;chapter_30;Indirect;Hard;1;1;1;1;1;1.0
87;P0;chapter_30;Direct;Hard;1;1;1;1;1;1.0
88;P0;chapter_30;Indirect;Hard;1;1;1;1;1;1.0
89;P0;chapter_31;Indirect;Medium-High;1;1;1;1;1;1.0
90;P0;chapter_31;Indirect;Hard;1;1;1;1;1;1.0
91;P0;chapter_31;Indirect;Hard;0;0;1;1;4;0.25
92;P0;chapter_31;Indirect;Hard;1;1;1;1;1;1.0
93;P0;annex_01;Indirect;Hard;1;1;1;1;1;1.0
94;P0;annex_01;Indirect;Medium-Low;1;1;1;1;1;1.0
95;P0;annex_01;Indirect;Medium-Low;1;1;1;1;1;1.0
96;P0;annex_02;Indirect;Hard;1;1;1;1;1;1.0
97;P0;annex_02;Indirect;Medium-Low;1;1;1;1;1;1.0
98;P0;annex_02;Direct;Medium-Low;1;1;1;1;1;1.0
99;P0;cross_chapter_2;Indirect;Hard;0;0;0;0;;0.0
100;P0;cross_chapter_2;Indirect;Hard;0;0;0;0;;0.0
101;P0;cross_chapter_2;Indirect;Hard;0;0;1;1;4;0.25
102;P0;cross_chapter_2;Indirect;Medium-Low;0;0;0;0;;0.0
103;P0;chapter_08;Indirect;Hard;1;1;1;1;1;1.0
104;P0;chapter_08;Indirect;Hard;0;1;1;1;2;0.5
105;P0;chapter_08;Direct;Medium-High;1;1;1;1;1;1.0
106;P0;chapter_08;Direct;Medium-High;1;1;1;1;1;1.0
107;P0;chapter_09;Direct;Hard;0;1;1;1;2;0.5
108;P0;chapter_09;Indirect;Hard;1;1;1;1;1;1.0
109;P0;chapter_09;Direct;Medium-Low;1;1;1;1;1;1.0
110;P0;chapter_09;Direct;Medium-High;1;1;1;1;1;1.0
111;P0;chapter_10;Direct;Hard;1;1;1;1;1;1.0
112;P0;chapter_10;Indirect;Hard;1;1;1;1;1;1.0
113;P0;chapter_10;Direct;Medium-High;1;1;1;1;1;1.0
114;P0;chapter_10;Indirect;Hard;1;1;1;1;1;1.0
115;P0;chapter_11;Indirect;Hard;1;1;1;1;1;1.0
116;P0;chapter_11;Indirect;Hard;1;1;1;1;1;1.0
117;P0;chapter_11;Direct;Medium-Low;1;1;1;1;1;1.0
118;P0;chapter_11;Direct;Medium-Low;1;1;1;1;1;1.0
119;P0;chapter_13;Indirect;Hard;1;1;1;1;1;1.0
120;P0;chapter_13;Indirect;Hard;1;1;1;1;1;1.0
121;P0;chapter_13;Direct;Medium-Low;0;0;1;1;4;0.25
122;P0;chapter_13;Indirect;Easy;1;1;1;1;1;1.0
123;P0;chapter_15;Indirect;Hard;1;1;1;1;1;1.0
124;P0;chapter_15;Indirect;Hard;0;0;0;0;;0.0
125;P0;chapter_15;Direct;Medium-Low;1;1;1;1;1;1.0
126;P0;chapter_15;Direct;Easy;0;1;1;1;2;0.5
127;P0;chapter_16;Indirect;Hard;1;1;1;1;1;1.0
128;P0;chapter_16;Indirect;Hard;1;1;1;1;1;1.0
129;P0;chapter_16;Direct;Easy;1;1;1;1;1;1.0
130;P0;chapter_16;Indirect;Hard;1;1;1;1;1;1.0
