variant,id_questao,rank,chunk_id,distance,target_raw,target_canonical,retrieved_canonical,is_target,source,chapter_number,section_number,page,dificuldade,tipo,indice_subjetividade
P0,11,1,75bf3cb8-d496-42c0-9c2e-4ac294248994,0.4213167428970337,Capítulo 17,chapter_17,chapter_11,0,Part_I_Cap_11_Economic Drivers in the Amazon from the 19th Century to the 1970s.pdf,11,11.4,13,Easy,Direct,0.5
P0,11,2,5335cb79-3883-4888-96bc-943a62a7ad48,0.44140639901161194,Capítulo 17,chapter_17,chapter_11,0,Part_I_Cap_11_Economic Drivers in the Amazon from the 19th Century to the 1970s.pdf,11,11.4,13,Easy,Direct,0.5
P0,11,3,e5c40499-5a05-4904-8e80-998530c9f880,0.4678264856338501,Capítulo 17,chapter_17,chapter_11,0,Part_I_Cap_11_Economic Drivers in the Amazon from the 19th Century to the 1970s.pdf,11,11,5,Easy,Direct,0.5
P0,11,4,65a1b200-afbb-43c6-a6eb-6122cf8f71a7,0.4750278890132904,Capítulo 17,chapter_17,chapter_11,0,Part_I_Cap_11_Economic Drivers in the Amazon from the 19th Century to the 1970s.pdf,11,11.2,7,Easy,Direct,0.5
P0,11,5,a4fa2a1a-9555-4d5e-911d-1d0b067a6599,0.48260748386383057,Capítulo 17,chapter_17,chapter_11,0,Part_I_Cap_11_Economic Drivers in the Amazon from the 19th Century to the 1970s.pdf,11,11.4,14,Easy,Direct,0.5
P0,11,6,08bf7409-15f2-42bc-b3d7-20a699116b0f,0.48891255259513855,Capítulo 17,chapter_17,chapter_11,0,Part_I_Cap_11_Economic Drivers in the Amazon from the 19th Century to the 1970s.pdf,11,11,5,Easy,Direct,0.5
P0,11,7,3c2cf3e6-1e92-4254-a444-d61b129306be,0.5140198469161987,Capítulo 17,chapter_17,chapter_14,0,"Part_II_Cap_14_Amazon in Motion Changing Politics, Development Strategies, Peoples, Landscapes, and Livelihoods.pdf",14,14.2,16,Easy,Direct,0.5
P0,11,8,3cdd498a-7714-42a9-8f69-f38a5619a2ba,0.5184321403503418,Capítulo 17,chapter_17,chapter_11,0,Part_I_Cap_11_Economic Drivers in the Amazon from the 19th Century to the 1970s.pdf,11,11.5,17,Easy,Direct,0.5
P0,11,9,869b9719-ef66-46fe-8b8c-c4b04734c639,0.5232411623001099,Capítulo 17,chapter_17,chapter_11,0,Part_I_Cap_11_Economic Drivers in the Amazon from the 19th Century to the 1970s.pdf,11,11.6,20,Easy,Direct,0.5
P0,11,10,8ac68c15-7dae-43e9-8bad-659a314b6263,0.5233013033866882,Capítulo 17,chapter_17,chapter_11,0,Part_I_Cap_11_Economic Drivers in the Amazon from the 19th Century to the 1970s.pdf,11,11.4,14,Easy,Direct,0.5
P1,11,1,75bf3cb8-d496-42c0-9c2e-4ac294248994,0.4213167428970337,Capítulo 17,chapter_17,chapter_11,0,Part_I_Cap_11_Economic Drivers in the Amazon from the 19th Century to the 1970s.pdf,11,11.4,13,Easy,Direct,0.5
P1,11,2,5335cb79-3883-4888-96bc-943a62a7ad48,0.44140639901161194,Capítulo 17,chapter_17,chapter_11,0,Part_I_Cap_11_Economic Drivers in the Amazon from the 19th Century to the 1970s.pdf,11,11.4,13,Easy,Direct,0.5
P1,11,3,e5c40499-5a05-4904-8e80-998530c9f880,0.4678264856338501,Capítulo 17,chapter_17,chapter_11,0,Part_I_Cap_11_Economic Drivers in the Amazon from the 19th Century to the 1970s.pdf,11,11,5,Easy,Direct,0.5
P1,11,4,65a1b200-afbb-43c6-a6eb-6122cf8f71a7,0.4750278890132904,Capítulo 17,chapter_17,chapter_11,0,Part_I_Cap_11_Economic Drivers in the Amazon from the 19th Century to the 1970s.pdf,11,11.2,7,Easy,Direct,0.5
P1,11,5,a4fa2a1a-9555-4d5e-911d-1d0b067a6599,0.48260748386383057,Capítulo 17,chapter_17,chapter_11,0,Part_I_Cap_11_Economic Drivers in the Amazon from the 19th Century to the 1970s.pdf,11,11.4,14,Easy,Direct,0.5
P1,11,6,08bf7409-15f2-42bc-b3d7-20a699116b0f,0.48891255259513855,Capítulo 17,chapter_17,chapter_11,0,Part_I_Cap_11_Economic Drivers in the Amazon from the 19th Century to the 1970s.pdf,11,11,5,Easy,Direct,0.5
P1,11,7,3c2cf3e6-1e92-4254-a444-d61b129306be,0.5140198469161987,Capítulo 17,chapter_17,chapter_14,0,"Part_II_Cap_14_Amazon in Motion Changing Politics, Development Strategies, Peoples, Landscapes, and Livelihoods.pdf",14,14.2,16,Easy,Direct,0.5
P1,11,8,3cdd498a-7714-42a9-8f69-f38a5619a2ba,0.5184321403503418,Capítulo 17,chapter_17,chapter_11,0,Part_I_Cap_11_Economic Drivers in the Amazon from the 19th Century to the 1970s.pdf,11,11.5,17,Easy,Direct,0.5
P1,11,9,869b9719-ef66-46fe-8b8c-c4b04734c639,0.5232411623001099,Capítulo 17,chapter_17,chapter_11,0,Part_I_Cap_11_Economic Drivers in the Amazon from the 19th Century to the 1970s.pdf,11,11.6,20,Easy,Direct,0.5
P1,11,10,8ac68c15-7dae-43e9-8bad-659a314b6263,0.5233013033866882,Capítulo 17,chapter_17,chapter_11,0,Part_I_Cap_11_Economic Drivers in the Amazon from the 19th Century to the 1970s.pdf,11,11.4,14,Easy,Direct,0.5
P2,11,1,75bf3cb8-d496-42c0-9c2e-4ac294248994,0.4328877925872803,Capítulo 17,chapter_17,chapter_11,0,Part_I_Cap_11_Economic Drivers in the Amazon from the 19th Century to the 1970s.pdf,11,11.4,13,Easy,Direct,0.5
P2,11,2,08bf7409-15f2-42bc-b3d7-20a699116b0f,0.443129301071167,Capítulo 17,chapter_17,chapter_11,0,Part_I_Cap_11_Economic Drivers in the Amazon from the 19th Century to the 1970s.pdf,11,11,5,Easy,Direct,0.5
P2,11,3,65a1b200-afbb-43c6-a6eb-6122cf8f71a7,0.4653642475605011,Capítulo 17,chapter_17,chapter_11,0,Part_I_Cap_11_Economic Drivers in the Amazon from the 19th Century to the 1970s.pdf,11,11.2,7,Easy,Direct,0.5
P2,11,4,12cb73df-e1af-4145-95b3-24eb779bb604,0.47664377093315125,Capítulo 17,chapter_17,chapter_11,0,Part_I_Cap_11_Economic Drivers in the Amazon from the 19th Century to the 1970s.pdf,11,11.6,20,Easy,Direct,0.5
P2,11,5,411f1d75-a5b2-4a6f-8052-6d56bb9f3d87,0.4880514442920685,Capítulo 17,chapter_17,chapter_11,0,Part_I_Cap_11_Economic Drivers in the Amazon from the 19th Century to the 1970s.pdf,11,11.4,14,Easy,Direct,0.5
P2,11,6,8ac68c15-7dae-43e9-8bad-659a314b6263,0.4888466000556946,Capítulo 17,chapter_17,chapter_11,0,Part_I_Cap_11_Economic Drivers in the Amazon from the 19th Century to the 1970s.pdf,11,11.4,14,Easy,Direct,0.5
P2,11,7,e5c40499-5a05-4904-8e80-998530c9f880,0.49211084842681885,Capítulo 17,chapter_17,chapter_11,0,Part_I_Cap_11_Economic Drivers in the Amazon from the 19th Century to the 1970s.pdf,11,11,5,Easy,Direct,0.5
P2,11,8,a4fa2a1a-9555-4d5e-911d-1d0b067a6599,0.4954862594604492,Capítulo 17,chapter_17,chapter_11,0,Part_I_Cap_11_Economic Drivers in the Amazon from the 19th Century to the 1970s.pdf,11,11.4,14,Easy,Direct,0.5
P2,11,9,019b7a39-4f1c-4600-8818-6a92ed9ac3cf,0.49553611874580383,Capítulo 17,chapter_17,chapter_11,0,Part_I_Cap_11_Economic Drivers in the Amazon from the 19th Century to the 1970s.pdf,11,11.6,19,Easy,Direct,0.5
P2,11,10,3c2cf3e6-1e92-4254-a444-d61b129306be,0.49711766839027405,Capítulo 17,chapter_17,chapter_14,0,"Part_II_Cap_14_Amazon in Motion Changing Politics, Development Strategies, Peoples, Landscapes, and Livelihoods.pdf",14,14.2,16,Easy,Direct,0.5
P3,11,1,75bf3cb8-d496-42c0-9c2e-4ac294248994,0.44187042117118835,Capítulo 17,chapter_17,chapter_11,0,Part_I_Cap_11_Economic Drivers in the Amazon from the 19th Century to the 1970s.pdf,11,11.4,13,Easy,Direct,0.5
P3,11,2,5335cb79-3883-4888-96bc-943a62a7ad48,0.4531504213809967,Capítulo 17,chapter_17,chapter_11,0,Part_I_Cap_11_Economic Drivers in the Amazon from the 19th Century to the 1970s.pdf,11,11.4,13,Easy,Direct,0.5
P3,11,3,65a1b200-afbb-43c6-a6eb-6122cf8f71a7,0.4795750379562378,Capítulo 17,chapter_17,chapter_11,0,Part_I_Cap_11_Economic Drivers in the Amazon from the 19th Century to the 1970s.pdf,11,11.2,7,Easy,Direct,0.5
P3,11,4,08bf7409-15f2-42bc-b3d7-20a699116b0f,0.48144713044166565,Capítulo 17,chapter_17,chapter_11,0,Part_I_Cap_11_Economic Drivers in the Amazon from the 19th Century to the 1970s.pdf,11,11,5,Easy,Direct,0.5
P3,11,5,a4fa2a1a-9555-4d5e-911d-1d0b067a6599,0.4972277283668518,Capítulo 17,chapter_17,chapter_11,0,Part_I_Cap_11_Economic Drivers in the Amazon from the 19th Century to the 1970s.pdf,11,11.4,14,Easy,Direct,0.5
P3,11,6,3cdd498a-7714-42a9-8f69-f38a5619a2ba,0.525352418422699,Capítulo 17,chapter_17,chapter_11,0,Part_I_Cap_11_Economic Drivers in the Amazon from the 19th Century to the 1970s.pdf,11,11.5,17,Easy,Direct,0.5
P3,11,7,e5c40499-5a05-4904-8e80-998530c9f880,0.5392305850982666,Capítulo 17,chapter_17,chapter_11,0,Part_I_Cap_11_Economic Drivers in the Amazon from the 19th Century to the 1970s.pdf,11,11,5,Easy,Direct,0.5
P3,11,8,0a0516bb-d712-412f-b2e3-7486fd05f331,0.5415217876434326,Capítulo 17,chapter_17,chapter_11,0,Part_I_Cap_11_Economic Drivers in the Amazon from the 19th Century to the 1970s.pdf,11,11.6,19,Easy,Direct,0.5
P3,11,9,3b57d218-064b-4f6b-8ed0-2d7e54fbd94c,0.5436195731163025,Capítulo 17,chapter_17,chapter_11,0,Part_I_Cap_11_Economic Drivers in the Amazon from the 19th Century to the 1970s.pdf,11,11.4,14,Easy,Direct,0.5
P3,11,10,8ac68c15-7dae-43e9-8bad-659a314b6263,0.5467252731323242,Capítulo 17,chapter_17,chapter_11,0,Part_I_Cap_11_Economic Drivers in the Amazon from the 19th Century to the 1970s.pdf,11,11.4,14,Easy,Direct,0.5
P4,11,1,ac50fc36-9318-4c27-a15e-477fe4f2466d,0.540285587310791,Capítulo 17,chapter_17,chapter_18,0,"Part_II_Cap_18_Globalization, Extractivism, and Social Exclusion Country-Specific Manifestations.pdf",18,100.0,12,Easy,Direct,0.5
P4,11,2,65c6c9dd-b9b2-4cab-8d32-823995b7ed8c,0.6211855411529541,Capítulo 17,chapter_17,chapter_18,0,"Part_II_Cap_18_Globalization, Extractivism, and Social Exclusion Country-Specific Manifestations.pdf",18,18.5,13,Easy,Direct,0.5
P4,11,3,241565a4-98d0-4966-8ace-3bdc2343fa84,0.6248527765274048,Capítulo 17,chapter_17,chapter_18,0,"Part_II_Cap_18_Globalization, Extractivism, and Social Exclusion Country-Specific Manifestations.pdf",18,18.5,12,Easy,Direct,0.5
P4,11,4,75e4b3c6-5f36-49b0-a299-b40ced20e43a,0.6318488717079163,Capítulo 17,chapter_17,chapter_18,0,"Part_II_Cap_18_Globalization, Extractivism, and Social Exclusion Country-Specific Manifestations.pdf",18,72.5,27,Easy,Direct,0.5
P4,11,5,ba3cae65-0314-4e20-b2cc-847954e4f056,0.6335862278938293,Capítulo 17,chapter_17,chapter_18,0,"Part_II_Cap_18_Globalization, Extractivism, and Social Exclusion Country-Specific Manifestations.pdf",18,18.2.1,17,Easy,Direct,0.5
P4,11,6,e5df9577-0104-4f5d-9c70-8412e4d1484c,0.6357030868530273,Capítulo 17,chapter_17,chapter_18,0,"Part_II_Cap_18_Globalization, Extractivism, and Social Exclusion Country-Specific Manifestations.pdf",18,18.2.1,17,Easy,Direct,0.5
P4,11,7,e390b51b-96af-4e11-a300-da7bdb14c17b,0.6375691890716553,Capítulo 17,chapter_17,chapter_18,0,"Part_II_Cap_18_Globalization, Extractivism, and Social Exclusion Country-Specific Manifestations.pdf",18,18.3.2,22,Easy,Direct,0.5
P4,11,8,2024b8dd-ba33-42fb-a66a-7197b2ff0fb8,0.6443867087364197,Capítulo 17,chapter_17,chapter_18,0,"Part_II_Cap_18_Globalization, Extractivism, and Social Exclusion Country-Specific Manifestations.pdf",18,56.8,44,Easy,Direct,0.5
P4,11,9,08bf7409-15f2-42bc-b3d7-20a699116b0f,0.6584181785583496,Capítulo 17,chapter_17,chapter_11,0,Part_I_Cap_11_Economic Drivers in the Amazon from the 19th Century to the 1970s.pdf,11,11,5,Easy,Direct,0.5
P4,11,10,cc95ab2e-5226-4961-b8e0-8797d35522e7,0.6589149236679077,Capítulo 17,chapter_17,chapter_18,0,"Part_II_Cap_18_Globalization, Extractivism, and Social Exclusion Country-Specific Manifestations.pdf",18,18.3.2,22,Easy,Direct,0.5
