question_id;variant;rank;chunk_id;chapter_original;chapter_id;target_id;source;page;section_number;distance;hit;question;document
11;P0;1;75bf3cb8-d496-42c0-9c2e-4ac294248994;11;chapter_11;chapter_17;Part_I_Cap_11_Economic Drivers in the Amazon from the 19th Century to the 1970s.pdf;13;11.4;0.4213167428970337;0;Name three major commodity or extractive activities that expanded in the Amazon since the 1970s.;"Chapter: Economic Drivers in the Amazon from the 19th Century to the 1970s
Section 11.4: Other “Commodities” from the Amazon: Wildlife and Non-Timber Products
Content: reptiles, mammals, fish, and frogs. These species are sought after for industrial (pharmaceutical, food, cosmetic, textile, fashion, furniture), medicinal, and ornamental purposes, as well as for the pet market."
11;P0;2;5335cb79-3883-4888-96bc-943a62a7ad48;11;chapter_11;chapter_17;Part_I_Cap_11_Economic Drivers in the Amazon from the 19th Century to the 1970s.pdf;13;11.4;0.44140639901161194;0;Name three major commodity or extractive activities that expanded in the Amazon since the 1970s.;"Chapter: Economic Drivers in the Amazon from the 19th Century to the 1970s
Section 11.4: Other “Commodities” from the Amazon: Wildlife and Non-Timber Products
Content: 11.4. Other “Commodities” from the Amazon: Wildlife and Non-Timber Products"
11;P0;3;e5c40499-5a05-4904-8e80-998530c9f880;11;chapter_11;chapter_17;Part_I_Cap_11_Economic Drivers in the Amazon from the 19th Century to the 1970s.pdf;5;11;0.46782639622688293;0;Name three major commodity or extractive activities that expanded in the Amazon since the 1970s.;"Chapter: Economic Drivers in the Amazon from the 19th Century to the 1970s
Section 11: Key Messages
Content: Key Messages ● During the nineteenth and twentieth centuries, there were boom and bust cycles for various natural products such as Cinchona and rubber. Processes such as the extraction of gold continued, and the exploitation of oil was initiated, both continuing to this day. The extraction of some products created the conditions necessary for the exploitation of others, as in the shift from Chichona to rubber and then from rubber to the Brazil nut. ● Extractive industries were always supported by States, in association with national and foreign investors, and took advantage of Indigenous labor, often in exploitative conditions. Access to the Amazon and the extraction of these products initially took place using rivers, which also continues in the present, with the addition of roads and highways since the twentieth century."
11;P0;4;65a1b200-afbb-43c6-a6eb-6122cf8f71a7;11;chapter_11;chapter_17;Part_I_Cap_11_Economic Drivers in the Amazon from the 19th Century to the 1970s.pdf;7;11.2;0.4750278890132904;0;Name three major commodity or extractive activities that expanded in the Amazon since the 1970s.;"Chapter: Economic Drivers in the Amazon from the 19th Century to the 1970s
Section 11.2: History of the Extractive Economy Based on Quina
Content: Chapter 11: Economic Drivers in the Amazon after European Colonization from the Nineteenth Century to the Middle of the Twentieth Century (the 1970s)"
11;P0;5;a4fa2a1a-9555-4d5e-911d-1d0b067a6599;11;chapter_11;chapter_17;Part_I_Cap_11_Economic Drivers in the Amazon from the 19th Century to the 1970s.pdf;14;11.4;0.48260748386383057;0;Name three major commodity or extractive activities that expanded in the Amazon since the 1970s.;"Chapter: Economic Drivers in the Amazon from the 19th Century to the 1970s
Section 11.4: Other “Commodities” from the Amazon: Wildlife and Non-Timber Products
Content: Cedeño municipalities, in the territory that expands from the northern Amazonas state, on the Suapure and Parguaza Rivers to the Bajo Caura. During the rubber era (1875-1920), in this region of Venezuela, a commercial tonka bean boom occ-"
11;P0;6;08bf7409-15f2-42bc-b3d7-20a699116b0f;11;chapter_11;chapter_17;Part_I_Cap_11_Economic Drivers in the Amazon from the 19th Century to the 1970s.pdf;5;11;0.48891255259513855;0;Name three major commodity or extractive activities that expanded in the Amazon since the 1970s.;"Chapter: Economic Drivers in the Amazon from the 19th Century to the 1970s
Section 11: Abstract
Content: Keywords: History of extractivism, Cinchona, rubber, oil, natural gas, gold, NTPF."
11;P0;7;3c2cf3e6-1e92-4254-a444-d61b129306be;14;chapter_14;chapter_17;Part_II_Cap_14_Amazon in Motion Changing Politics, Development Strategies, Peoples, Landscapes, and Livelihoods.pdf;16;14.2;0.5140199065208435;0;Name three major commodity or extractive activities that expanded in the Amazon since the 1970s.;"Chapter: Amazon in Motion: Changing Politics, Development Strategies, Peoples, Landscapes, and Livelihoods
Section 14.2: Amazon ascendency: Complex shifts in Amazonian resource conservation
Content: Emergent Market Dynamics 1. Increased integration into global markets, especially China and the EU, for non-traditional Amazonian commodities (e.g., soy, Palm oil) and timber, gold, and beef. This accompanied a decline in US trade (formerly the Pan-Amazon’s main trading partner). Strong international demand has increased, making the Amazonian agroindustry one of the largest sources of foreign exchange. 2. Expansion of clandestine markets, one of the main regional economic activities. Clandestine markets are an important source of both seasonal and continuous employment."
11;P0;8;3cdd498a-7714-42a9-8f69-f38a5619a2ba;11;chapter_11;chapter_17;Part_I_Cap_11_Economic Drivers in the Amazon from the 19th Century to the 1970s.pdf;17;11.5;0.5184321403503418;0;Name three major commodity or extractive activities that expanded in the Amazon since the 1970s.;"Chapter: Economic Drivers in the Amazon from the 19th Century to the 1970s
Section 11.5: Historical Gold Mining
Content: gold were created, such as Compañía Minera El Callao (1870), Compañía Austin (Orinoco Exploring and Mining), South America Mining. Co, Compañía Minera de Nacupay, Chile, Alianza de Cicapra, El Porvenir, Nueva Hansa, Potosí, Buen Retiro, San Salvador, and La Concordia (Torres 2001)."
11;P0;9;869b9719-ef66-46fe-8b8c-c4b04734c639;11;chapter_11;chapter_17;Part_I_Cap_11_Economic Drivers in the Amazon from the 19th Century to the 1970s.pdf;20;11.6;0.5232411623001099;0;Name three major commodity or extractive activities that expanded in the Amazon since the 1970s.;"Chapter: Economic Drivers in the Amazon from the 19th Century to the 1970s
Section 11.6: Historical Oil and gas Exploitation
Content: 18 Chapter 11: Economic Drivers in the Amazon after European Colonization from the Nineteenth Century to the Middle of the Twentieth Century (the 1970s) Oil of California) that behaved as they pleased in the countries."
11;P0;10;8ac68c15-7dae-43e9-8bad-659a314b6263;11;chapter_11;chapter_17;Part_I_Cap_11_Economic Drivers in the Amazon from the 19th Century to the 1970s.pdf;14;11.4;0.5233012437820435;0;Name three major commodity or extractive activities that expanded in the Amazon since the 1970s.;"Chapter: Economic Drivers in the Amazon from the 19th Century to the 1970s
Section 11.4: Other “Commodities” from the Amazon: Wildlife and Non-Timber Products
Content: There was also a high demand for export of timber species, such as red cedar (Cedrela odorata) and mahogany (Swietenia macrophylla), primarily to the USA and Mexico. In Venezuela, due to the overexploitation of these species, the national government mandated the creation of forest reserves during the 1950s-1960s, but legal logging removed valuable timber species above the legal size and left the remnants damaged. Also, due to pressure from private companies, protections were weakened in"
